
-- -----------------------------
-- Table structure for `dr_admin_user`
-- -----------------------------
DROP TABLE IF EXISTS `dr_admin_user`;
CREATE TABLE `dr_admin_user` (
  `id` smallint(4) unsigned NOT NULL AUTO_INCREMENT COMMENT '主键',
  `name` varchar(6) NOT NULL DEFAULT '' COMMENT '用户名',
  `password` char(32) NOT NULL DEFAULT '' COMMENT '密码',
  `head_img` char(125) NOT NULL DEFAULT 'banner/20170805/59852ce73a53b.png' COMMENT '头像',
  `is_lock` tinyint(1) unsigned NOT NULL DEFAULT '0' COMMENT '锁定',
  `add_time` int(10) unsigned NOT NULL DEFAULT '0' COMMENT '添加时间',
  PRIMARY KEY (`id`)
) ENGINE=InnoDB AUTO_INCREMENT=19 DEFAULT CHARSET=utf8 ROW_FORMAT=COMPACT COMMENT='后台用户表';

-- -----------------------------
-- Records of `dr_admin_user`
-- -----------------------------
INSERT INTO `dr_admin_user` VALUES ('14', 'admin', 'e10adc3949ba59abbe56e057f20f883e', 'https://pic.zfysite.com/zfy/img/20180913/5b9a0a283f3af.png', '0', '1536821805');
INSERT INTO `dr_admin_user` VALUES ('16', 'admin2', 'e10adc3949ba59abbe56e057f20f883e', 'https://pic.zfysite.com/zfy/img/20180913/5b9a0a283f3af.png', '0', '1535950589');
INSERT INTO `dr_admin_user` VALUES ('17', '周逢宇', 'e10adc3949ba59abbe56e057f20f883e', 'https://pic.zfysite.com/zfy/img/20180913/5b9a0a283f3af.png', '0', '1501937160');
INSERT INTO `dr_admin_user` VALUES ('18', 'ceshi', 'e10adc3949ba59abbe56e057f20f883e', 'https://pic.zfysite.com/zfy/img/20180913/5b9a0a283f3af.png', '0', '1536139468');

-- -----------------------------
-- Table structure for `dr_article`
-- -----------------------------
DROP TABLE IF EXISTS `dr_article`;
CREATE TABLE `dr_article` (
  `id` bigint(20) unsigned NOT NULL AUTO_INCREMENT COMMENT '主键',
  `title` varchar(50) NOT NULL DEFAULT '' COMMENT '标题',
  `cover` varchar(125) NOT NULL DEFAULT '' COMMENT '封面',
  `content` mediumtext NOT NULL COMMENT '文章内容',
  `category_id` int(12) NOT NULL COMMENT '所属分类ID',
  `sort` int(5) NOT NULL DEFAULT '0' COMMENT '排序',
  `addtime` datetime NOT NULL COMMENT '添加时间',
  `updtime` datetime DEFAULT NULL ON UPDATE CURRENT_TIMESTAMP COMMENT '更新时间',
  `view_num` int(10) unsigned NOT NULL DEFAULT '0' COMMENT '阅读量',
  `status` tinyint(1) unsigned NOT NULL DEFAULT '1' COMMENT '状态',
  PRIMARY KEY (`id`)
) ENGINE=InnoDB AUTO_INCREMENT=6 DEFAULT CHARSET=utf8mb4 ROW_FORMAT=COMPACT COMMENT='文章表';

-- -----------------------------
-- Records of `dr_article`
-- -----------------------------
INSERT INTO `dr_article` VALUES ('1', 'PHP面试问答', 'https://pic.zfysite.com/zfy/img/20180913/5b9a211d9e1d0.png', '&lt;h1&gt;PHP面试问答&lt;/h1&gt;&lt;blockquote&gt;结合实际PHP面试，汇总自己遇到的问题，以及网上其他人遇到的问题，尝试提供简洁准确的答案&lt;/blockquote&gt;&lt;blockquote&gt;包含MySQL、Redis、Web、安全、网络协议、PHP、服务器、业务设计、线上故障、个人简历、自我介绍、离职原因、职业规划、准备问题等部分&lt;/blockquote&gt;&lt;h1&gt;&lt;a href=&quot;https://github.com/colinlet/PHP-Interview-QA#%E4%B8%80%E8%88%AC%E9%9D%A2%E8%AF%95%E6%B5%81%E7%A8%8B&quot;&gt;&lt;/a&gt;一般面试流程&lt;/h1&gt;&lt;p&gt;&lt;img src=&quot;https://pic.zfysite.com/zfy/editor/20180913/5b9a20f92ef70.png&quot; alt=&quot;interview&quot; style=&quot;max-width:100%;&quot;&gt;&lt;br&gt;&lt;/p&gt;&lt;h1&gt;&lt;a href=&quot;https://github.com/colinlet/PHP-Interview-QA#qa%E7%9B%AE%E5%BD%95&quot;&gt;&lt;/a&gt;QA目录&lt;/h1&gt;&lt;p&gt;MySQL&lt;/p&gt;&lt;ul&gt;&lt;li&gt;MySQL体系结构&lt;/li&gt;&lt;li&gt;字段类型&lt;/li&gt;&lt;li&gt;char和varchar数据类型区别&lt;/li&gt;&lt;li&gt;常见索引&lt;/li&gt;&lt;li&gt;聚族索引和非聚族索引的区别&lt;/li&gt;&lt;li&gt;事务机制&lt;/li&gt;&lt;li&gt;BTree与BTree-/BTree+索引原理&lt;/li&gt;&lt;li&gt;参考资料&lt;/li&gt;&lt;/ul&gt;&lt;p&gt;Redis&lt;/p&gt;&lt;ul&gt;&lt;li&gt;Redis主要特点&lt;/li&gt;&lt;li&gt;Redis数据类型&lt;/li&gt;&lt;li&gt;跳跃表与Redis&lt;/li&gt;&lt;li&gt;参考资料&lt;/li&gt;&lt;/ul&gt;&lt;p&gt;Web&lt;/p&gt;&lt;ul&gt;&lt;li&gt;JavaScript事件的三个阶段&lt;/li&gt;&lt;li&gt;闭包原理及应用&lt;/li&gt;&lt;li&gt;跨域&lt;/li&gt;&lt;li&gt;JSONP原理&lt;/li&gt;&lt;li&gt;CSS选择器的优先级&lt;/li&gt;&lt;li&gt;CSS盒子模型&lt;/li&gt;&lt;li&gt;CSS清除浮动&lt;/li&gt;&lt;li&gt;相对定位relative、浮动float、绝对定位absolute区别&lt;/li&gt;&lt;li&gt;VUE双向绑定原理&lt;/li&gt;&lt;li&gt;性能优化&lt;/li&gt;&lt;li&gt;参考资料&lt;/li&gt;&lt;/ul&gt;&lt;p&gt;安全问题&lt;/p&gt;&lt;ul&gt;&lt;li&gt;CSRF攻击&lt;/li&gt;&lt;li&gt;XSS攻击&lt;/li&gt;&lt;li&gt;SQL注入&lt;/li&gt;&lt;li&gt;IP地址能被伪造吗&lt;/li&gt;&lt;li&gt;include请求参数&lt;/li&gt;&lt;li&gt;md5逆向原理&lt;/li&gt;&lt;li&gt;DOS攻击&lt;/li&gt;&lt;li&gt;参考资料&lt;/li&gt;&lt;/ul&gt;&lt;p&gt;网络协议&lt;/p&gt;&lt;ul&gt;&lt;li&gt;UDP的主要特点&lt;/li&gt;&lt;li&gt;TCP握手三次，断开四次，TIME-WAIT&lt;/li&gt;&lt;li&gt;socket&lt;/li&gt;&lt;li&gt;HTTP协议&lt;/li&gt;&lt;li&gt;websocket协议&lt;/li&gt;&lt;li&gt;GET与POST请求方式区别&lt;/li&gt;&lt;li&gt;参考资料&lt;/li&gt;&lt;/ul&gt;&lt;p&gt;PHP&lt;/p&gt;&lt;ul&gt;&lt;li&gt;echo、print、print_r、var_dump的区别&lt;/li&gt;&lt;li&gt;超全局变量&lt;/li&gt;&lt;li&gt;PHP支持回调的函数，实现一个&lt;/li&gt;&lt;li&gt;发起HTTP请求有哪几种方式，它们有何区别&lt;/li&gt;&lt;li&gt;对象关系映射/ORM(Object Relational Mapping)&lt;/li&gt;&lt;li&gt;MVC的理解&lt;/li&gt;&lt;li&gt;类的静态调用和实例化调用&lt;/li&gt;&lt;li&gt;常见PHP框架特点&lt;/li&gt;&lt;li&gt;设计模式(design pattern)&lt;/li&gt;&lt;li&gt;工厂方法模式与抽象工厂模式区别&lt;/li&gt;&lt;li&gt;base64编码原理&lt;/li&gt;&lt;li&gt;ip2long实现&lt;/li&gt;&lt;li&gt;代码执行过程&lt;/li&gt;&lt;li&gt;弱类型变量如何实现&lt;/li&gt;&lt;li&gt;垃圾回收机制&lt;/li&gt;&lt;li&gt;进程间通信方式&lt;/li&gt;&lt;li&gt;链式调用实现&lt;/li&gt;&lt;li&gt;多进程同时写一个文件&lt;/li&gt;&lt;li&gt;PHP拓展&lt;/li&gt;&lt;li&gt;PHP7新特性&lt;/li&gt;&lt;li&gt;PHP7底层优化&lt;/li&gt;&lt;li&gt;构造函数和析构函数&lt;/li&gt;&lt;li&gt;PHP不实例化调用方法&lt;/li&gt;&lt;li&gt;参考资料&lt;/li&gt;&lt;/ul&gt;&lt;p&gt;服务器&lt;/p&gt;&lt;ul&gt;&lt;li&gt;进程、线程、协程区别&lt;/li&gt;&lt;li&gt;Linux进程&lt;/li&gt;&lt;li&gt;反向代理&lt;/li&gt;&lt;li&gt;负载均衡&lt;/li&gt;&lt;li&gt;nginx中fastcgi_pass监听，unix socket和tcp socket的区别&lt;/li&gt;&lt;li&gt;消息队列&lt;/li&gt;&lt;li&gt;参考资料&lt;/li&gt;&lt;/ul&gt;&lt;p&gt;业务设计&lt;/p&gt;&lt;ul&gt;&lt;li&gt;网易盖楼&lt;/li&gt;&lt;li&gt;秒杀设计&lt;/li&gt;&lt;li&gt;消息队列&lt;/li&gt;&lt;li&gt;共享SESSION&lt;/li&gt;&lt;li&gt;下单后30分钟未支付取消订单&lt;/li&gt;&lt;li&gt;IP对应省市效率尽可能高&lt;/li&gt;&lt;li&gt;详细描述输入地址到打开网页过程&lt;/li&gt;&lt;li&gt;参考资料&lt;/li&gt;&lt;/ul&gt;&lt;p&gt;线上故障&lt;/p&gt;&lt;ul&gt;&lt;li&gt;客户端热更新失败&lt;/li&gt;&lt;li&gt;Redis实例used_memory达到80%&lt;/li&gt;&lt;li&gt;游戏任务完成了进度未更新&lt;/li&gt;&lt;li&gt;测试服HTTP请求未响应&lt;/li&gt;&lt;li&gt;游戏账号被盗&lt;/li&gt;&lt;/ul&gt;&lt;p&gt;个人简历&lt;/p&gt;&lt;p&gt;自我介绍&lt;/p&gt;&lt;p&gt;离职原因&lt;/p&gt;&lt;ul&gt;&lt;li&gt;跳槽频繁&lt;/li&gt;&lt;li&gt;这次换工作原因&lt;/li&gt;&lt;/ul&gt;&lt;p&gt;职业规划&lt;/p&gt;&lt;p&gt;准备问题&lt;/p&gt;&lt;p&gt;&lt;/p&gt;&lt;ul&gt;&lt;li&gt;工作挑战大不大?&lt;/li&gt;&lt;li&gt;项目开发是否写测试用例，项目上线先是否会进行压力测试&lt;/li&gt;&lt;li&gt;业务前景如何?&lt;/li&gt;&lt;li&gt;技术氛围如何?&lt;/li&gt;&lt;li&gt;根据这次面试，对个人进行评价，帮助成长&lt;/li&gt;&lt;li&gt;融资计划&lt;/li&gt;&lt;li&gt;是否有加班费/调休，公司福利，社保公积金缴纳基数&lt;/li&gt;&lt;/ul&gt;&lt;p&gt;&lt;br&gt;&lt;/p&gt;', '2', '0', '2018-09-13 16:34:43', '2019-01-08 06:36:29', '135', '1');
INSERT INTO `dr_article` VALUES ('2', '失业有感', 'https://pic.zfysite.com/zfy/img/20180914/5b9b54a268172.png', '&lt;blockquote&gt;&lt;p&gt;真的好突然，公司直接宣布解散了&lt;/p&gt;&lt;/blockquote&gt;&lt;p&gt;虽然知道公司一直没怎么赚钱，但是没想到这么快就撑不下去了。&lt;/p&gt;&lt;p&gt;同事们也都懵逼了一阵，商量还是决定做完这周离开。&lt;/p&gt;&lt;p&gt;这两天真的好伤感啊，这种感觉就像是大学刚毕业，大家各自离去，对未来也充满迷茫。。。&lt;/p&gt;&lt;p&gt;&lt;br&gt;&lt;/p&gt;&lt;p&gt;公司破产其实挺正常的，以前换工作也没有这种感觉，可能以前都是自己主动辞职吧。&lt;/p&gt;&lt;p&gt;反正还是要向前看，简历准备，开始面试咯，这一年也学习到了不少新知识，加油找工作吧！&lt;/p&gt;', '3', '0', '2018-09-14 14:25:11', '2019-01-09 18:15:38', '91', '1');
INSERT INTO `dr_article` VALUES ('3', '博客项目完成啦', 'https://pic.zfysite.com/zfy/img/20180914/5b9b631269beb.png', '&lt;blockquote&gt;&lt;p&gt;前前后后大概花了一周时间，搭建这个项目&lt;/p&gt;&lt;/blockquote&gt;&lt;h3&gt;前言&lt;/h3&gt;&lt;p&gt;其实一直想做两个项目，一个是自己的博客，一个是自己自定义的导航站。&lt;/p&gt;&lt;p&gt;苦于自己只是个敲代码的，没有设计能力，一直也没能发现顺眼的界面设计。&lt;/p&gt;&lt;p&gt;终于逛V2ex的时候看到了一个很喜欢的模板（抄了下来&lt;img src=&quot;http://img.t.sinajs.cn/t35/style/images/common/face/ext/normal/0b/tootha_thumb.gif&quot;&gt;），果断开干了&lt;/p&gt;&lt;h3&gt;介绍&lt;/h3&gt;&lt;p&gt;使用的是tp5.1，我在一个项目里设置了两个模块，博客模块、导航模块&lt;/p&gt;&lt;p&gt;也绑定了两个域名，分开来访问，但其实这是一个项目。&lt;/p&gt;&lt;ol&gt;&lt;li&gt;博客：zfy. &lt;a href=&quot;https://zfysite.com&quot; target=&quot;_blank&quot;&gt;https://zfysite.com&lt;/a&gt;&lt;/li&gt;&lt;li&gt;导航：万花筒 &lt;a href=&quot;https://wht.zfysite.com&quot; target=&quot;_blank&quot;&gt;https://wht.zfysite.com&lt;/a&gt;&lt;/li&gt;&lt;/ol&gt;&lt;p&gt;&lt;br&gt;&lt;/p&gt;&lt;p&gt;博客准备用来收藏一些技术帖子，然后写点自己的灵感与心得。&lt;/p&gt;&lt;p&gt;导航就更实用了，都是些自己常用的链接，设为首页，天天都要用到，之前用的是收库导航，用的bootstrap，实用是实用，但是界面实在是太丑了，不能忍。&lt;/p&gt;&lt;h3&gt;总结&lt;/h3&gt;&lt;p&gt;总的来说，还是满意的，搭建起来很快，非常简单。两个模块风格都很简洁大气，是我喜欢的性冷淡风格。又实用，很棒！&lt;/p&gt;&lt;p&gt;&lt;br&gt;&lt;/p&gt;', '1', '0', '2018-08-31 15:39:37', '2019-01-08 18:02:14', '52', '1');
INSERT INTO `dr_article` VALUES ('4', 'Git速查表', 'https://pic.zfysite.com/zfy/img/20180916/5b9da15040f09.png', '&lt;p&gt;&lt;/p&gt;&lt;h3 id=&quot;git-&quot;&gt;最简单的版本控制工具&lt;br&gt;&lt;/h3&gt;\r\n&lt;h4 id=&quot;git-&quot;&gt;git命令大致分为这几个模块&lt;/h4&gt;\r\n&lt;table border=\'1\'&gt;\r\n&lt;thead&gt;\r\n&lt;tr&gt;\r\n&lt;th&gt;序号&lt;/th&gt;\r\n&lt;th&gt;模块&lt;/th&gt;\r\n&lt;th&gt;功能&lt;/th&gt;\r\n&lt;/tr&gt;\r\n&lt;/thead&gt;\r\n&lt;tbody&gt;&lt;tr&gt;\r\n&lt;td&gt;1&lt;/td&gt;\r\n&lt;td&gt;&lt;a href=&quot;#create&quot;&gt;CREATE&lt;/a&gt;&lt;/td&gt;\r\n&lt;td&gt;关于创建的&lt;/td&gt;\r\n&lt;/tr&gt;\r\n&lt;tr&gt;\r\n&lt;td&gt;2&lt;/td&gt;\r\n&lt;td&gt;&lt;a href=&quot;#localchanges&quot;&gt;LOCAL CHANGES&lt;/a&gt;&lt;/td&gt;\r\n&lt;td&gt;关于本地改动方面的&lt;/td&gt;\r\n&lt;/tr&gt;\r\n&lt;tr&gt;\r\n&lt;td&gt;3&lt;/td&gt;\r\n&lt;td&gt;&lt;a href=&quot;#commit-history&quot;&gt;COMMIT HISTORY&lt;/a&gt;&lt;/td&gt;\r\n&lt;td&gt;关于提交历史的&lt;/td&gt;\r\n&lt;/tr&gt;\r\n&lt;tr&gt;\r\n&lt;td&gt;4&lt;/td&gt;\r\n&lt;td&gt;&lt;a href=&quot;#branch-tags&quot;&gt;BRANCHES &amp;amp; TAGS&lt;/a&gt;&lt;/td&gt;\r\n&lt;td&gt;关于分支和标签类的&lt;/td&gt;\r\n&lt;/tr&gt;\r\n&lt;tr&gt;\r\n&lt;td&gt;5&lt;/td&gt;\r\n&lt;td&gt;&lt;a href=&quot;#update-publish&quot;&gt;UPDATE &amp;amp; PUBLISH&lt;/a&gt;&lt;/td&gt;\r\n&lt;td&gt;关于更新和发布的&lt;/td&gt;\r\n&lt;/tr&gt;\r\n&lt;tr&gt;\r\n&lt;td&gt;6&lt;/td&gt;\r\n&lt;td&gt;&lt;a href=&quot;#merge&quot;&gt;MERGE &amp;amp; REBASE&lt;/a&gt;&lt;/td&gt;\r\n&lt;td&gt;关于分支合并类的&lt;/td&gt;\r\n&lt;/tr&gt;\r\n&lt;tr&gt;\r\n&lt;td&gt;7&lt;/td&gt;\r\n&lt;td&gt;&lt;a href=&quot;#undo&quot;&gt;UNDO&lt;/a&gt;&lt;/td&gt;\r\n&lt;td&gt;关于撤销类的&lt;/td&gt;\r\n&lt;/tr&gt;\r\n&lt;tr&gt;\r\n&lt;td&gt;8&lt;/td&gt;\r\n&lt;td&gt;&lt;a href=&quot;#submodule&quot;&gt;SUBMODULE &lt;/a&gt;&lt;/td&gt;\r\n&lt;td&gt;&lt;a href=&quot;https://git-scm.com/book/zh/v2/Git-%E5%B7%A5%E5%85%B7-%E5%AD%90%E6%A8%A1%E5%9D%97&quot;&gt;关于子模块&lt;/a&gt;&lt;/td&gt;\r\n&lt;/tr&gt;\r\n&lt;/tbody&gt;&lt;/table&gt;\r\n&lt;h3 id=&quot;create&quot;&gt;CREATE&lt;/h3&gt;\r\n\r\n&lt;p&gt;从远程仓库获取代码&lt;/p&gt;\r\n&lt;pre&gt;&lt;code&gt;$ git clone ssh://user@domain.com/repo.git&lt;/code&gt;&lt;/pre&gt;&lt;p&gt;初始化本地仓库&lt;/p&gt;\r\n&lt;pre&gt;&lt;code&gt;$ git init&lt;/code&gt;&lt;/pre&gt;&lt;h3 id=&quot;localchanges&quot;&gt;LOCAL CHANGES&lt;/h3&gt;\r\n\r\n&lt;p&gt;查看仓库的状态,(显示已改动的文件) &lt;/p&gt;\r\n&lt;pre&gt;&lt;code&gt;$ git status&lt;/code&gt;&lt;/pre&gt;&lt;p&gt;比较工作区与最新本地版本库&lt;/p&gt;\r\n&lt;pre&gt;&lt;code&gt;$ git diff \r\n$ git diff &amp;lt;fileName&amp;gt;&lt;/code&gt;&lt;/pre&gt;&lt;p&gt;添加所有变化（新增 new、修改 modified、删除 deleted）到暂存区&lt;/p&gt;\r\n&lt;pre&gt;&lt;code&gt;$ git add -A &lt;/code&gt;&lt;/pre&gt;&lt;p&gt;添加所有变化（新增 new、修改 modified）到暂存区，不包括被删除(deleted)文件&lt;/p&gt;\r\n&lt;pre&gt;&lt;code&gt;$ git add .&lt;/code&gt;&lt;/pre&gt;&lt;p&gt;添加修改(modified)和被删除(deleted)文件，不包括新文件(new)也就是不是被追踪文件（untracked）&lt;/p&gt;\r\n&lt;pre&gt;&lt;code&gt;$ git add -u&lt;/code&gt;&lt;/pre&gt;&lt;p&gt;添加文件内某些改动到暂存区&lt;/p&gt;\r\n&lt;pre&gt;&lt;code&gt;$ git add -p &amp;lt;file&amp;gt;&lt;/code&gt;&lt;/pre&gt;&lt;p&gt;提交所有的放在暂存区的文件和已经修改（不在暂存区）的文件，且文件是要被追踪（tracked）的&lt;/p&gt;\r\n&lt;pre&gt;&lt;code&gt;$ git commit -a&lt;/code&gt;&lt;/pre&gt;&lt;p&gt;提交所有被在暂存区的文件&lt;/p&gt;\r\n&lt;pre&gt;&lt;code&gt;$ git commit&lt;/code&gt;&lt;/pre&gt;&lt;p&gt;修改上一次提交日志&lt;/p&gt;\r\n&lt;pre&gt;&lt;code&gt;$ git commit --amend&lt;/code&gt;&lt;/pre&gt;&lt;h3 id=&quot;commit-history&quot;&gt;COMMIT HISTORY&lt;/h3&gt;\r\n\r\n&lt;p&gt;查看提交日志&lt;/p&gt;\r\n&lt;pre&gt;&lt;code&gt;$ git log&lt;/code&gt;&lt;/pre&gt;&lt;p&gt;跟踪查看某个文件的历史修改记录&lt;/p&gt;\r\n&lt;pre&gt;&lt;code&gt;$ git log -p &amp;lt;file&amp;gt;&lt;/code&gt;&lt;/pre&gt;&lt;p&gt;查看文件是谁什么时候修改什么地方&lt;/p&gt;\r\n&lt;pre&gt;&lt;code&gt;$ git blame &amp;lt;file&amp;gt;&lt;/code&gt;&lt;/pre&gt;&lt;h3 id=&quot;branch-tags&quot;&gt;BRANCHES &amp;amp; TAGS&lt;/h3&gt;\r\n\r\n&lt;p&gt;查看所有分支（包括远程分支）&lt;/p&gt;\r\n&lt;pre&gt;&lt;code&gt;$ git branch -a&lt;/code&gt;&lt;/pre&gt;&lt;p&gt;查看所有分支（包括远程分支）和最后一次提交日志&lt;/p&gt;\r\n&lt;pre&gt;&lt;code&gt;$ git branch -av&lt;/code&gt;&lt;/pre&gt;&lt;p&gt;切换分支&lt;/p&gt;\r\n&lt;pre&gt;&lt;code&gt;$ git checkout &amp;lt;branch&amp;gt;&lt;/code&gt;&lt;/pre&gt;&lt;p&gt;新建分支，不带old-branch为默认在当前分支上建立新分支&lt;/p&gt;\r\n&lt;pre&gt;&lt;code&gt;$ git branch &amp;lt;new-branch&amp;gt; &amp;lt;old-branch&amp;gt;&lt;/code&gt;&lt;/pre&gt;&lt;p&gt;新建并且换分支&lt;/p&gt;\r\n&lt;pre&gt;&lt;code&gt;$ git checkout -b &amp;lt;new-branch&amp;gt;&lt;/code&gt;&lt;/pre&gt;&lt;p&gt;删除分支，先切换其他分支再删除&lt;/p&gt;\r\n&lt;pre&gt;&lt;code&gt;$ git branch -d  &amp;lt;branch&amp;gt;&lt;/code&gt;&lt;/pre&gt;&lt;p&gt;删除远程分支&lt;/p&gt;\r\n&lt;pre&gt;&lt;code&gt;$ git push origin --delete &amp;lt;branch&amp;gt;&lt;/code&gt;&lt;/pre&gt;&lt;p&gt;查看标签&lt;/p&gt;\r\n&lt;pre&gt;&lt;code&gt;$ git tag&lt;/code&gt;&lt;/pre&gt;&lt;p&gt;新建标签&lt;/p&gt;\r\n&lt;pre&gt;&lt;code&gt;$ git tag &amp;lt;tag-name&amp;gt;&lt;/code&gt;&lt;/pre&gt;&lt;p&gt;删除标签&lt;/p&gt;\r\n&lt;pre&gt;&lt;code&gt;$ git tag -d &amp;lt;tag-name&amp;gt;&lt;/code&gt;&lt;/pre&gt;&lt;p&gt;推送标签到远程&lt;/p&gt;\r\n&lt;pre&gt;&lt;code&gt;$ git push origin tagname\r\n$ git push origin --tags&lt;/code&gt;&lt;/pre&gt;&lt;h3 id=&quot;update-publish&quot;&gt;UPDATE &amp;amp; PUBLISH&lt;/h3&gt;\r\n\r\n&lt;p&gt;列出所有的仓库地址&lt;/p&gt;\r\n&lt;pre&gt;&lt;code&gt;$ git remote -v&lt;/code&gt;&lt;/pre&gt;&lt;p&gt;查看某个仓库的信息&lt;/p&gt;\r\n&lt;pre&gt;&lt;code&gt;$ git remote show &amp;lt;remote&amp;gt;&lt;/code&gt;&lt;/pre&gt;&lt;p&gt;添加仓库地址&lt;/p&gt;\r\n&lt;pre&gt;&lt;code&gt;$ git remote add &amp;lt;shortname&amp;gt; &amp;lt;url&amp;gt;&lt;/code&gt;&lt;/pre&gt;&lt;p&gt;从远程更新代码到本地但不合并&lt;/p&gt;\r\n&lt;pre&gt;&lt;code&gt;$ git fetch &amp;lt;remote&amp;gt;&lt;/code&gt;&lt;/pre&gt;&lt;p&gt;从远程更新代码到本地且合并&lt;/p&gt;\r\n&lt;pre&gt;&lt;code&gt;$ git pull &amp;lt;remote&amp;gt; &amp;lt;branch&amp;gt;&lt;/code&gt;&lt;/pre&gt;&lt;p&gt;发布到远程地址&lt;/p&gt;\r\n&lt;pre&gt;&lt;code&gt;$ git push &amp;lt;remote&amp;gt; &amp;lt;branch&amp;gt;&lt;/code&gt;&lt;/pre&gt;&lt;p&gt;删除远程地址分支&lt;/p&gt;\r\n&lt;pre&gt;&lt;code&gt;$ git branch -dr &amp;lt;remote/branch&amp;gt;&lt;/code&gt;&lt;/pre&gt;&lt;p&gt;上传标签&lt;/p&gt;\r\n&lt;pre&gt;&lt;code&gt;$ git push --tags&lt;/code&gt;&lt;/pre&gt;&lt;h3 id=&quot;merge&quot;&gt;MERGE &amp;amp; REBASE&lt;/h3&gt;\r\n\r\n&lt;p&gt;合并目标分支到本地分支&lt;/p&gt;\r\n&lt;pre&gt;&lt;code&gt;$ git merge &amp;lt;branch&amp;gt;&lt;/code&gt;&lt;/pre&gt;&lt;p&gt;合并分支，但是不合并提交记录（commit），rebase合并如果有冲突则一个一个文件的去合并解决冲突&lt;/p&gt;\r\n&lt;pre&gt;&lt;code&gt;$ git rebase &amp;lt;branch&amp;gt;&lt;/code&gt;&lt;/pre&gt;&lt;p&gt;合并终止&lt;/p&gt;\r\n&lt;pre&gt;&lt;code&gt;$ git rebase --abort&lt;/code&gt;&lt;/pre&gt;&lt;p&gt;继续合并&lt;/p&gt;\r\n&lt;pre&gt;&lt;code&gt;$ git rebase --continue&lt;/code&gt;&lt;/pre&gt;&lt;p&gt;使用配置的合并工具来解决冲突&lt;/p&gt;\r\n&lt;pre&gt;&lt;code&gt;$ git mergetool&lt;/code&gt;&lt;/pre&gt;&lt;p&gt;添加已手动合并的文件&lt;/p&gt;\r\n&lt;pre&gt;&lt;code&gt;$ git add &amp;lt;resolved-file&amp;gt;&lt;/code&gt;&lt;/pre&gt;&lt;p&gt;删除已手动合并的文件&lt;/p&gt;\r\n&lt;pre&gt;&lt;code&gt;$ git rm &amp;lt;resolved-file&amp;gt;&lt;/code&gt;&lt;/pre&gt;&lt;h3 id=&quot;undo&quot;&gt;UNDO&lt;/h3&gt;\r\n\r\n&lt;p&gt;回退到最近一个提交&lt;/p&gt;\r\n&lt;pre&gt;&lt;code&gt;$ git reset --hard HEAD&lt;/code&gt;&lt;/pre&gt;&lt;p&gt;回退到上一次提交（倒数第二次）&lt;/p&gt;\r\n&lt;pre&gt;&lt;code&gt;$ git reset --hard HEAD^&lt;/code&gt;&lt;/pre&gt;&lt;p&gt;回退某次提交的某个文件&lt;/p&gt;\r\n&lt;pre&gt;&lt;code&gt;$ git checkout HEAD &amp;lt;file&amp;gt;&lt;/code&gt;&lt;/pre&gt;&lt;p&gt;回退到某个提交，但是不删除commit&lt;/p&gt;\r\n&lt;pre&gt;&lt;code&gt;$ git revert &amp;lt;commit&amp;gt;&lt;/code&gt;&lt;/pre&gt;&lt;p&gt;彻底回退到某个提交（commit和代码都回退了）&lt;/p&gt;\r\n&lt;pre&gt;&lt;code&gt;$ git reset --hard &amp;lt;commit&amp;gt;&lt;/code&gt;&lt;/pre&gt;&lt;p&gt;回退到某个提交（commit回退，代码保留）&lt;/p&gt;\r\n&lt;pre&gt;&lt;code&gt;$ git reset &amp;lt;commit&amp;gt;&lt;/code&gt;&lt;/pre&gt;&lt;p&gt;回退到某个提交，并保留以更改的文件&lt;/p&gt;\r\n&lt;pre&gt;&lt;code&gt;$ git reset --keep &amp;lt;commit&amp;gt;&lt;/code&gt;&lt;/pre&gt;&lt;h3 id=&quot;submodule&quot;&gt;SUBMODULE&lt;/h3&gt;\r\n\r\n&lt;p&gt;添加子模块&lt;/p&gt;\r\n&lt;pre&gt;&lt;code&gt;$ git submodule add https://github.com/xxxxxx/Test&lt;/code&gt;&lt;/pre&gt;&lt;p&gt;克隆你有子模块的项目&lt;/p&gt;\r\n&lt;pre&gt;&lt;code&gt;// 方法一\r\n$ git clone https://github.com/xxxxxx/MainProject    \r\n$ cd MainProject                //  子模块目录Test没有文件\r\n$ cd Test\r\n$ git submodule init\r\n$ git submodule update     // 执行完后就有子模块的代码了\r\n\r\n//方法二\r\n// 自动更新子模块中的代码\r\n$ git clone --recurse-submodules https://github.com/xxxxxx/MainProject&lt;/code&gt;&lt;/pre&gt;&lt;h3 id=&quot;-&quot;&gt;合并两个不同的项目&lt;/h3&gt;\r\n&lt;pre&gt;&lt;code&gt;// 需使用 `--allow-unrelated-histories`\r\n// 将远程master项目合并到你本地项目\r\n$ git pull origin master --allow-unrelated-histories&lt;/code&gt;&lt;/pre&gt;&lt;p&gt;&lt;/p&gt;&lt;p&gt;&lt;br&gt;&lt;/p&gt;', '2', '0', '2018-09-16 08:18:32', '2019-01-11 00:25:51', '86', '1');
INSERT INTO `dr_article` VALUES ('5', '使用Supervisor管理进程', 'https://pic.zfysite.com/zfy/img/20181024/5bd02827dc67b.png', '&lt;blockquote&gt;&lt;p&gt;Supervisor&amp;nbsp;是一款使用 Python 开发的非常优秀的进程管理工具。它可以在类 UNIX 系统上让用户精确地监视与控制多组指定数量的服务进程。当监控的服务进程意外退出时，会尝试自动重启这些服务，以保持服务可用状态。&lt;/p&gt;&lt;/blockquote&gt;&lt;h2&gt;安装&lt;/h2&gt;&lt;p&gt;Supervisor&amp;nbsp;&lt;a href=&quot;http://www.supervisord.org/installing.html&quot; target=&quot;_blank&quot;&gt;官方&lt;/a&gt;&amp;nbsp;提供的安装方式较多，这里采用 pip 方式安装。&lt;/p&gt;&lt;h3&gt;安装pip&lt;/h3&gt;&lt;pre style=&quot;max-width:100%;overflow-x:auto;&quot;&gt;&lt;code class=&quot;javascript hljs&quot; codemark=&quot;1&quot;&gt;$ yum install python-pip\r\n# 升级pip\r\n$ pip install --upgrade pip\r\n$ pip -V\r\npip &lt;span class=&quot;hljs-number&quot;&gt;9.0&lt;/span&gt;&lt;span class=&quot;hljs-number&quot;&gt;.1&lt;/span&gt;&lt;/code&gt;&lt;/pre&gt;&lt;h3&gt;安装Supervisor&lt;/h3&gt;&lt;p&gt;通过 pip 安装 Supervisor：&lt;/p&gt;&lt;pre style=&quot;max-width:100%;overflow-x:auto;&quot;&gt;&lt;code class=&quot;javascript hljs&quot; codemark=&quot;1&quot;&gt;$ pip install supervisor\r\nSuccessfully installed supervisor&lt;span class=&quot;hljs-number&quot;&gt;-3.3&lt;/span&gt;&lt;span class=&quot;hljs-number&quot;&gt;.3&lt;/span&gt;&lt;/code&gt;&lt;/pre&gt;&lt;p&gt;安装 Supervisor 后，会出现 supervisorctl 和 supervisord 两个程序，其中 supervisorctl 为服务监控终端，而 supervisord 才是所有监控服务的大脑。查看 supervisord 是否安装成功：&lt;/p&gt;&lt;pre style=&quot;max-width:100%;overflow-x:auto;&quot;&gt;&lt;code class=&quot;javascript hljs&quot; codemark=&quot;1&quot;&gt;$ supervisord -v\r\n&lt;span class=&quot;hljs-number&quot;&gt;3.3&lt;/span&gt;&lt;span class=&quot;hljs-number&quot;&gt;.3&lt;/span&gt;&lt;/code&gt;&lt;/pre&gt;&lt;h3&gt;开机启动&lt;/h3&gt;&lt;p&gt;将 supervisord 配置成开机启动服务，下载官方&amp;nbsp;&lt;a href=&quot;https://github.com/Supervisor/initscripts/blob/master/redhat-init-mingalevme&quot; target=&quot;_blank&quot;&gt;init 脚本&lt;/a&gt;。&lt;/p&gt;&lt;p&gt;修改关键路径配置：&lt;/p&gt;&lt;pre style=&quot;max-width:100%;overflow-x:auto;&quot;&gt;&lt;code class=&quot;javascript hljs&quot; codemark=&quot;1&quot;&gt;PIDFILE=&lt;span class=&quot;hljs-regexp&quot;&gt;/var/&lt;/span&gt;run/supervisord.pid\r\nLOCKFILE=&lt;span class=&quot;hljs-regexp&quot;&gt;/var/&lt;/span&gt;lock/subsys/supervisord\r\nOPTIONS=&lt;span class=&quot;hljs-string&quot;&gt;&quot;-c /etc/supervisord.conf&quot;&lt;/span&gt;&lt;/code&gt;&lt;/pre&gt;&lt;p&gt;移到该文件到&lt;code&gt;/etc/init.d&lt;/code&gt;目录下，并重命名为 supervisor，添加可执行权限：&lt;/p&gt;&lt;pre style=&quot;max-width:100%;overflow-x:auto;&quot;&gt;&lt;code class=&quot;javascript hljs&quot; codemark=&quot;1&quot;&gt;$ chmod &lt;span class=&quot;hljs-number&quot;&gt;777&lt;/span&gt; /etc/init.d/supervisor&lt;/code&gt;&lt;/pre&gt;&lt;p&gt;配置成开机启动服务：&lt;/p&gt;&lt;pre style=&quot;max-width:100%;overflow-x:auto;&quot;&gt;&lt;code class=&quot;javascript hljs&quot; codemark=&quot;1&quot;&gt;$ chkconfig supervisor on\r\n$ chkconfig --list | grep &lt;span class=&quot;hljs-string&quot;&gt;&quot;supervisor&quot;&lt;/span&gt;\r\nsupervisor  &lt;span class=&quot;hljs-number&quot;&gt;0&lt;/span&gt;:off &lt;span class=&quot;hljs-number&quot;&gt;1&lt;/span&gt;:off &lt;span class=&quot;hljs-number&quot;&gt;2&lt;/span&gt;:on &lt;span class=&quot;hljs-number&quot;&gt;3&lt;/span&gt;:on &lt;span class=&quot;hljs-number&quot;&gt;4&lt;/span&gt;:on &lt;span class=&quot;hljs-number&quot;&gt;5&lt;/span&gt;:on &lt;span class=&quot;hljs-number&quot;&gt;6&lt;/span&gt;:off&lt;/code&gt;&lt;/pre&gt;&lt;h2&gt;配置&lt;/h2&gt;&lt;h3&gt;生成配置文件&lt;/h3&gt;&lt;p&gt;Supervisord 安装后，需要使用如下命令生成配置文件。&lt;/p&gt;&lt;pre style=&quot;max-width:100%;overflow-x:auto;&quot;&gt;&lt;code class=&quot;javascript hljs&quot; codemark=&quot;1&quot;&gt;$ mkdir /etc/supervisor\r\n$ echo_supervisord_conf &amp;gt; &lt;span class=&quot;hljs-regexp&quot;&gt;/etc/&lt;/span&gt;supervisor/supervisord.conf&lt;/code&gt;&lt;/pre&gt;&lt;h3&gt;主配置部分&lt;/h3&gt;&lt;p&gt;&lt;code&gt;supervisord.conf&lt;/code&gt;的主配置部分说明：&lt;/p&gt;&lt;pre style=&quot;max-width:100%;overflow-x:auto;&quot;&gt;&lt;code class=&quot;javascript hljs&quot; codemark=&quot;1&quot;&gt;[unix_http_server]\r\nfile=&lt;span class=&quot;hljs-regexp&quot;&gt;/tmp/&lt;/span&gt;supervisor.sock   ; socket文件的路径\r\n;chmod=&lt;span class=&quot;hljs-number&quot;&gt;0700&lt;/span&gt;                 ; socket文件权限\r\n;chown=nobody:nogroup       ; socket文件用户和用户组\r\n;username=user              ; 连接时认证的用户名\r\n;password=&lt;span class=&quot;hljs-number&quot;&gt;123&lt;/span&gt;               ; 连接时认证的密码\r\n\r\n[inet_http_server]          ; 监听TCP\r\nport=&lt;span class=&quot;hljs-number&quot;&gt;127.0&lt;/span&gt;&lt;span class=&quot;hljs-number&quot;&gt;.0&lt;/span&gt;&lt;span class=&quot;hljs-number&quot;&gt;.1&lt;/span&gt;:&lt;span class=&quot;hljs-number&quot;&gt;9001&lt;/span&gt;         ; 监听ip和端口\r\nusername=user               ; 连接时认证的用户名\r\npassword=&lt;span class=&quot;hljs-number&quot;&gt;123&lt;/span&gt;                ; 连接时认证的密码\r\n\r\n[supervisord]\r\nlogfile=&lt;span class=&quot;hljs-regexp&quot;&gt;/var/&lt;/span&gt;log/supervisord.log ; log目录\r\nlogfile_maxbytes=&lt;span class=&quot;hljs-number&quot;&gt;50&lt;/span&gt;MB        ; log文件最大空间\r\nlogfile_backups=&lt;span class=&quot;hljs-number&quot;&gt;10&lt;/span&gt;           ; log文件保持的数量\r\nloglevel=info                ; log级别\r\npidfile=&lt;span class=&quot;hljs-regexp&quot;&gt;/var/&lt;/span&gt;run/supervisord.pid\r\nnodaemon=&lt;span class=&quot;hljs-literal&quot;&gt;false&lt;/span&gt;               ; 是否非守护进程态运行\r\nminfds=&lt;span class=&quot;hljs-number&quot;&gt;1024&lt;/span&gt;                  ; 系统空闲的最少文件描述符\r\nminprocs=&lt;span class=&quot;hljs-number&quot;&gt;200&lt;/span&gt;                 ; 可用的最小进程描述符\r\n;umask=&lt;span class=&quot;hljs-number&quot;&gt;022&lt;/span&gt;                   ; 进程创建文件的掩码\r\n;identifier=supervisor       ; supervisord标识符\r\n;directory=&lt;span class=&quot;hljs-regexp&quot;&gt;/tmp              ; 启动前切换到的目录\r\n;nocleanup=true              ; 启动前是否清除子进程的日志文件\r\n;childlogdir=/&lt;/span&gt;tmp            ; AUTO模式，子进程日志路径\r\n;environment=KEY=&lt;span class=&quot;hljs-string&quot;&gt;&quot;value&quot;&lt;/span&gt;     ; 设置环境变量\r\n\r\n[rpcinterface:supervisor]    ; XML_RPC配置\r\nsupervisor.rpcinterface_factory = supervisor.rpcinterface:make_main_rpcinterface\r\n\r\n[supervisorctl]\r\nserverurl=unix:&lt;span class=&quot;hljs-comment&quot;&gt;///tmp/supervisor.sock ; 连接的socket路径&lt;/span&gt;\r\n;username=chris               ; 用户名\r\n;password=&lt;span class=&quot;hljs-number&quot;&gt;123&lt;/span&gt;                 ; 密码\r\nprompt=mysupervisor           ; 输入用户名和密码时的提示符\r\n;history_file=~&lt;span class=&quot;hljs-regexp&quot;&gt;/.sc_history   ; 历史操作记录存储路径\r\n\r\n[include]                     ; 包含文件，将每个进程配置为一个文件并包含\r\nfiles = /&lt;/span&gt;etc/supervisor&lt;span class=&quot;hljs-comment&quot;&gt;/*.ini ; 多个进程的配置文件&lt;/span&gt;&lt;/code&gt;&lt;/pre&gt;&lt;p&gt;这部分我们不需要做太多的配置修改，如果需要开启 WEB 终端监控，则需要配置并开启 inet_http_server 项。&lt;/p&gt;&lt;h3&gt;进程配置部分&lt;/h3&gt;&lt;p&gt;Supervisor 需管理的进程服务配置，示例如下：&lt;/p&gt;&lt;pre style=&quot;max-width:100%;overflow-x:auto;&quot;&gt;&lt;code class=&quot;javascript hljs&quot; codemark=&quot;1&quot;&gt;[program:work]                      ; 服务名，例如work\r\ncommand=php -r &lt;span class=&quot;hljs-string&quot;&gt;&quot;sleep(10);exit(1);&quot;&lt;/span&gt; ; 带有参数的可执行命令\r\nprocess_name=%(process_num)s        ; 进程名，当numprocs&amp;gt;&lt;span class=&quot;hljs-number&quot;&gt;1&lt;/span&gt;时，需包含%(process_num)s\r\nnumprocs=&lt;span class=&quot;hljs-number&quot;&gt;2&lt;/span&gt;                          ; 启动进程的数目数\r\n;directory=&lt;span class=&quot;hljs-regexp&quot;&gt;/tmp                     ; 运行前切换到该目录\r\n;umask=022                          ; 进程掩码\r\n;priority=999                       ; 子进程启动关闭优先级\r\nautostart=true                      ; 子进程是否被自动启动\r\nstartsecs=1                         ; 成功启动几秒后则认为成功启动\r\n;startretries=3                     ; 子进程启动失败后，最大尝试启动的次数\r\nautorestart=unexpected            ; 子进程意外退出后自动重启的选项，false, unexpected, true。unexpected表示不在exitcodes列表时重启\r\nexitcodes=0,2                     ; 期待的子程序退出码\r\n;stopsignal=QUIT                  ; 进程停止信号，可以为TERM,HUP,INT,QUIT,KILL,USR1,or USR2等信号，默认为TERM\r\n;stopwaitsecs=10                  ; 发送停止信号后等待的最大时间\r\n;stopasgroup=false                ; 是否向子进程组发送停止信号\r\n;killasgroup=false                ; 是否向子进程组发送kill信号\r\n;redirect_stderr=true             ; 是否重定向日志到标准输出\r\nstdout_logfile=/&lt;/span&gt;data/logs/work.log ; 进程的stdout的日志路径\r\n;stdout_logfile_maxbytes=&lt;span class=&quot;hljs-number&quot;&gt;1&lt;/span&gt;MB      ; 日志文件最大大小\r\n;stdout_logfile_backups=&lt;span class=&quot;hljs-number&quot;&gt;10&lt;/span&gt;\r\n;stdout_capture_maxbytes=&lt;span class=&quot;hljs-number&quot;&gt;1&lt;/span&gt;MB\r\n;stderr_logfile=&lt;span class=&quot;hljs-regexp&quot;&gt;/a/&lt;/span&gt;path           ; stderr的日志路径\r\n;stderr_logfile_maxbytes=&lt;span class=&quot;hljs-number&quot;&gt;1&lt;/span&gt;MB\r\n;stderr_logfile_backups=&lt;span class=&quot;hljs-number&quot;&gt;10&lt;/span&gt;\r\n;stderr_capture_maxbytes=&lt;span class=&quot;hljs-number&quot;&gt;1&lt;/span&gt;MB\r\n;environment=A=&lt;span class=&quot;hljs-string&quot;&gt;&quot;1&quot;&lt;/span&gt;,B=&lt;span class=&quot;hljs-string&quot;&gt;&quot;2&quot;&lt;/span&gt;          ; 子进程的环境变量\r\n;serverurl=AUTO                   ; 子进程的环境变量SUPERVISOR_SERVER_URL&lt;/code&gt;&lt;/pre&gt;&lt;blockquote&gt;&lt;p&gt;通常将每个进程的配置信息配置成独立文件，并通过 include 模块包含，这样方便修改和管理配置文件。&lt;/p&gt;&lt;/blockquote&gt;&lt;h3&gt;启动&lt;/h3&gt;&lt;p&gt;配置完成后，启动 supervisord 守护服务：&lt;/p&gt;&lt;pre style=&quot;max-width:100%;overflow-x:auto;&quot;&gt;&lt;code class=&quot;javascript hljs&quot; codemark=&quot;1&quot;&gt;$ supervisord -c /etc/supervisor/supervisord.conf&lt;/code&gt;&lt;/pre&gt;&lt;p&gt;常用的命令参数说明：&lt;/p&gt;&lt;ul&gt;&lt;li&gt;-c：指定配置文件路径&lt;/li&gt;&lt;li&gt;-n：是否非守护态运行&lt;/li&gt;&lt;li&gt;-l：日志文件目录&lt;/li&gt;&lt;li&gt;-i：唯一标识&lt;/li&gt;&lt;/ul&gt;&lt;p&gt;查看 supervisord 启动情况：&lt;/p&gt;&lt;pre style=&quot;max-width:100%;overflow-x:auto;&quot;&gt;&lt;code class=&quot;javascript hljs&quot; codemark=&quot;1&quot;&gt;$ ps -ef | grep &lt;span class=&quot;hljs-string&quot;&gt;&quot;supervisor&quot;&lt;/span&gt;\r\nroot  &lt;span class=&quot;hljs-number&quot;&gt;24901&lt;/span&gt;  &lt;span class=&quot;hljs-number&quot;&gt;1&lt;/span&gt;  &lt;span class=&quot;hljs-number&quot;&gt;0&lt;/span&gt; Sep23 ? &lt;span class=&quot;hljs-number&quot;&gt;00&lt;/span&gt;:&lt;span class=&quot;hljs-number&quot;&gt;00&lt;/span&gt;:&lt;span class=&quot;hljs-number&quot;&gt;30&lt;/span&gt; /usr/bin/python /usr/bin/supervisord -c /etc/supervisor/supervisord.conf\r\n$ netstat -tunpl\r\ntcp &lt;span class=&quot;hljs-number&quot;&gt;0&lt;/span&gt; &lt;span class=&quot;hljs-number&quot;&gt;0&lt;/span&gt; &lt;span class=&quot;hljs-number&quot;&gt;127.0&lt;/span&gt;&lt;span class=&quot;hljs-number&quot;&gt;.0&lt;/span&gt;&lt;span class=&quot;hljs-number&quot;&gt;.1&lt;/span&gt;:&lt;span class=&quot;hljs-number&quot;&gt;9001&lt;/span&gt;  &lt;span class=&quot;hljs-number&quot;&gt;0.0&lt;/span&gt;&lt;span class=&quot;hljs-number&quot;&gt;.0&lt;/span&gt;&lt;span class=&quot;hljs-number&quot;&gt;.0&lt;/span&gt;:*  LISTEN  &lt;span class=&quot;hljs-number&quot;&gt;24901&lt;/span&gt;/python&lt;/code&gt;&lt;/pre&gt;&lt;h2&gt;监控进程&lt;/h2&gt;&lt;p&gt;Supervisor 提供了多种监控服务的方式，包括 supervisorctl 命令行终端、Web 端、XML_RPC 接口多种方式。&lt;/p&gt;&lt;h3&gt;命令终端&lt;/h3&gt;&lt;p&gt;直接使用 supervisorctl 即可在命令行终端查看所有服务的情况，如下：&lt;/p&gt;&lt;pre style=&quot;max-width:100%;overflow-x:auto;&quot;&gt;&lt;code class=&quot;javascript hljs&quot; codemark=&quot;1&quot;&gt;$ supervisorctl \r\nwork:&lt;span class=&quot;hljs-number&quot;&gt;0&lt;/span&gt;      RUNNING   pid &lt;span class=&quot;hljs-number&quot;&gt;31313&lt;/span&gt;, uptime &lt;span class=&quot;hljs-number&quot;&gt;0&lt;/span&gt;:&lt;span class=&quot;hljs-number&quot;&gt;00&lt;/span&gt;:&lt;span class=&quot;hljs-number&quot;&gt;07&lt;/span&gt;\r\nwork:&lt;span class=&quot;hljs-number&quot;&gt;1&lt;/span&gt;      RUNNING   pid &lt;span class=&quot;hljs-number&quot;&gt;31318&lt;/span&gt;, uptime &lt;span class=&quot;hljs-number&quot;&gt;0&lt;/span&gt;:&lt;span class=&quot;hljs-number&quot;&gt;00&lt;/span&gt;:&lt;span class=&quot;hljs-number&quot;&gt;06&lt;/span&gt;\r\n# -u 用户名 -p 密码&lt;/code&gt;&lt;/pre&gt;&lt;p&gt;supervisorctl 常用命令列表如下；&lt;/p&gt;&lt;ul&gt;&lt;li&gt;&lt;a href=&quot;https://www.fanhaobai.com/2017/09/supervisor.html&quot;&gt;status&lt;/a&gt;：查看服务状态&lt;/li&gt;&lt;li&gt;&lt;a href=&quot;https://www.fanhaobai.com/2017/09/supervisor.html&quot;&gt;update&lt;/a&gt;：重新加载配置文件&lt;/li&gt;&lt;li&gt;&lt;a href=&quot;https://www.fanhaobai.com/2017/09/supervisor.html&quot;&gt;restart&lt;/a&gt;：重新启动服务&lt;/li&gt;&lt;li&gt;&lt;a href=&quot;https://www.fanhaobai.com/2017/09/supervisor.html&quot;&gt;stop&lt;/a&gt;：停止服务&lt;/li&gt;&lt;li&gt;&lt;a href=&quot;https://www.fanhaobai.com/2017/09/supervisor.html&quot;&gt;pid&lt;/a&gt;：查看某服务的 pid&lt;/li&gt;&lt;li&gt;&lt;a href=&quot;https://www.fanhaobai.com/2017/09/supervisor.html&quot;&gt;tail&lt;/a&gt;：输出最新的 log 信息&lt;/li&gt;&lt;li&gt;&lt;a href=&quot;https://www.fanhaobai.com/2017/09/supervisor.html&quot;&gt;shutdown&lt;/a&gt;：关闭 supervisord 服务&lt;/li&gt;&lt;/ul&gt;&lt;h3&gt;Web&lt;/h3&gt;&lt;p&gt;在配置中开启 inet_http_server 后，即可通过 Web 界面便捷地监控进程服务了。&lt;/p&gt;&lt;p&gt;&lt;img src=&quot;https://pic.zfysite.com/zfy/editor/20181024/5bd02c655323d.png&quot; alt=&quot;9d28cc24-a0d8-11e7-abc4-cec278b6b50a&quot; style=&quot;max-width:100%;&quot;&gt;&lt;br&gt;&lt;/p&gt;&lt;p&gt;&lt;br&gt;&lt;/p&gt;', '2', '0', '2018-10-24 16:07:15', '2019-01-09 06:08:20', '71', '1');

-- -----------------------------
-- Table structure for `dr_article_category`
-- -----------------------------
DROP TABLE IF EXISTS `dr_article_category`;
CREATE TABLE `dr_article_category` (
  `id` int(12) NOT NULL AUTO_INCREMENT COMMENT '主键',
  `category_name` varchar(25) NOT NULL COMMENT '分类名',
  `sort` int(5) DEFAULT '0' COMMENT '排序',
  `status` tinyint(1) DEFAULT '1' COMMENT '状态',
  `addtime` datetime NOT NULL DEFAULT '0000-00-00 00:00:00' ON UPDATE CURRENT_TIMESTAMP COMMENT '添加时间',
  PRIMARY KEY (`id`)
) ENGINE=InnoDB AUTO_INCREMENT=4 DEFAULT CHARSET=utf8mb4;

-- -----------------------------
-- Records of `dr_article_category`
-- -----------------------------
INSERT INTO `dr_article_category` VALUES ('1', '前端', '1', '1', '2018-09-13 15:59:40');
INSERT INTO `dr_article_category` VALUES ('2', '后端', '1', '1', '2018-09-13 15:59:47');
INSERT INTO `dr_article_category` VALUES ('3', '杂文', '1', '1', '2018-09-13 15:59:54');

-- -----------------------------
-- Table structure for `dr_article_tags`
-- -----------------------------
DROP TABLE IF EXISTS `dr_article_tags`;
CREATE TABLE `dr_article_tags` (
  `id` bigint(20) NOT NULL AUTO_INCREMENT COMMENT '主键',
  `article_id` int(12) NOT NULL COMMENT '文章id',
  `tags_id` int(12) NOT NULL COMMENT '标签id',
  PRIMARY KEY (`id`)
) ENGINE=InnoDB AUTO_INCREMENT=22 DEFAULT CHARSET=utf8 COMMENT='文章标签中间表';

-- -----------------------------
-- Records of `dr_article_tags`
-- -----------------------------
INSERT INTO `dr_article_tags` VALUES ('1', '1', '1');
INSERT INTO `dr_article_tags` VALUES ('2', '1', '2');
INSERT INTO `dr_article_tags` VALUES ('8', '2', '3');
INSERT INTO `dr_article_tags` VALUES ('11', '3', '4');
INSERT INTO `dr_article_tags` VALUES ('13', '4', '5');
INSERT INTO `dr_article_tags` VALUES ('20', '5', '1');
INSERT INTO `dr_article_tags` VALUES ('21', '5', '6');

-- -----------------------------
-- Table structure for `dr_article_type`
-- -----------------------------
DROP TABLE IF EXISTS `dr_article_type`;
CREATE TABLE `dr_article_type` (
  `id` int(8) unsigned NOT NULL AUTO_INCREMENT,
  `type` varchar(100) NOT NULL DEFAULT '分类',
  `add_time` int(15) NOT NULL DEFAULT '0',
  `sort` int(5) DEFAULT '0' COMMENT '排序',
  PRIMARY KEY (`id`)
) ENGINE=MyISAM AUTO_INCREMENT=5 DEFAULT CHARSET=utf8 ROW_FORMAT=DYNAMIC;

-- -----------------------------
-- Records of `dr_article_type`
-- -----------------------------
INSERT INTO `dr_article_type` VALUES ('1', '最新资讯', '1535954649', '100');
INSERT INTO `dr_article_type` VALUES ('2', '事业资讯', '1502438916', '99');
INSERT INTO `dr_article_type` VALUES ('3', '产品相关', '1502438939', '98');

-- -----------------------------
-- Table structure for `dr_auth_group`
-- -----------------------------
DROP TABLE IF EXISTS `dr_auth_group`;
CREATE TABLE `dr_auth_group` (
  `id` mediumint(8) unsigned NOT NULL AUTO_INCREMENT,
  `title` char(100) NOT NULL DEFAULT '',
  `status` tinyint(1) NOT NULL DEFAULT '1',
  `redirect_url` varchar(100) NOT NULL DEFAULT '/',
  `rules` varchar(255) NOT NULL DEFAULT '',
  `add_time` varchar(20) NOT NULL DEFAULT '0' COMMENT '0',
  PRIMARY KEY (`id`)
) ENGINE=MyISAM AUTO_INCREMENT=7 DEFAULT CHARSET=utf8 ROW_FORMAT=DYNAMIC;

-- -----------------------------
-- Records of `dr_auth_group`
-- -----------------------------
INSERT INTO `dr_auth_group` VALUES ('1', '超级管理员', '1', '/', '1,2,4,3,7,11,12,14,8,10,15,5,6', '1501934476');
INSERT INTO `dr_auth_group` VALUES ('3', '客服', '1', '/', '1,2,4,3,7,11,12,14,8,10,15,16,17,22', '1506068205');
INSERT INTO `dr_auth_group` VALUES ('5', '编辑', '1', '/', '1,2,3', '1510295363');
INSERT INTO `dr_auth_group` VALUES ('6', '测试s', '1', '/', '7,22', '1535952909');

-- -----------------------------
-- Table structure for `dr_auth_group_access`
-- -----------------------------
DROP TABLE IF EXISTS `dr_auth_group_access`;
CREATE TABLE `dr_auth_group_access` (
  `uid` mediumint(8) unsigned NOT NULL,
  `group_id` mediumint(8) unsigned NOT NULL,
  UNIQUE KEY `uid_group_id` (`uid`,`group_id`),
  KEY `uid` (`uid`),
  KEY `group_id` (`group_id`)
) ENGINE=MyISAM DEFAULT CHARSET=utf8 ROW_FORMAT=FIXED;

-- -----------------------------
-- Records of `dr_auth_group_access`
-- -----------------------------
INSERT INTO `dr_auth_group_access` VALUES ('14', '1');
INSERT INTO `dr_auth_group_access` VALUES ('16', '1');
INSERT INTO `dr_auth_group_access` VALUES ('17', '1');
INSERT INTO `dr_auth_group_access` VALUES ('18', '1');

-- -----------------------------
-- Table structure for `dr_auth_rule`
-- -----------------------------
DROP TABLE IF EXISTS `dr_auth_rule`;
CREATE TABLE `dr_auth_rule` (
  `id` mediumint(8) unsigned NOT NULL AUTO_INCREMENT,
  `pid` smallint(5) unsigned NOT NULL DEFAULT '0',
  `name` char(80) NOT NULL DEFAULT '',
  `title` char(20) NOT NULL DEFAULT '',
  `icon` varchar(40) NOT NULL DEFAULT '',
  `type` tinyint(1) NOT NULL DEFAULT '1',
  `status` tinyint(1) NOT NULL DEFAULT '1',
  `sort` smallint(5) unsigned NOT NULL DEFAULT '1000',
  `is_show` tinyint(1) unsigned NOT NULL DEFAULT '1',
  `condition` char(100) NOT NULL DEFAULT '',
  PRIMARY KEY (`id`),
  KEY `name` (`name`)
) ENGINE=MyISAM AUTO_INCREMENT=42 DEFAULT CHARSET=utf8 ROW_FORMAT=DYNAMIC;

-- -----------------------------
-- Records of `dr_auth_rule`
-- -----------------------------
INSERT INTO `dr_auth_rule` VALUES ('1', '0', 'Index/main', '后台首页', 'fa fa-desktop', '1', '1', '100', '1', '');
INSERT INTO `dr_auth_rule` VALUES ('2', '0', 'Admin', '权限管理', 'fa fa-th', '1', '1', '99', '1', '');
INSERT INTO `dr_auth_rule` VALUES ('3', '2', 'Admin/user', '管理员列表', 'fa fa-user-plus', '1', '1', '2', '1', '');
INSERT INTO `dr_auth_rule` VALUES ('4', '2', 'Admin/group', '管理组', 'fa fa-user-md', '1', '1', '4', '1', '');
INSERT INTO `dr_auth_rule` VALUES ('5', '0', 'Config', '系统管理', 'fa fa-cog', '1', '1', '1', '1', '');
INSERT INTO `dr_auth_rule` VALUES ('6', '5', 'Config/site', '站点设置', 'fa fa-pencil-square-o', '1', '1', '1', '1', '');
INSERT INTO `dr_auth_rule` VALUES ('7', '2', 'Admin/rules', '权限列表', 'fa fa-bars', '1', '1', '0', '1', '');
INSERT INTO `dr_auth_rule` VALUES ('35', '0', 'Url', '链接管理', 'fa fa-share-square', '1', '1', '3', '1', '');
INSERT INTO `dr_auth_rule` VALUES ('36', '35', 'url/type', '链接分类', 'fa fa-external-link-square', '1', '1', '2', '1', '');
INSERT INTO `dr_auth_rule` VALUES ('37', '35', 'url/url', '链接列表', 'fa fa-folder-open', '1', '1', '3', '1', '');
INSERT INTO `dr_auth_rule` VALUES ('32', '0', 'Backups', '数据管理', 'fa fa-th', '1', '1', '0', '1', '');
INSERT INTO `dr_auth_rule` VALUES ('33', '32', 'backups/backup', '数据备份', 'fa fa-suitcase', '1', '1', '5', '1', '');
INSERT INTO `dr_auth_rule` VALUES ('34', '32', 'backups/data_list', '数据恢复', 'fa fa-black-tie', '1', '1', '7', '1', '');
INSERT INTO `dr_auth_rule` VALUES ('31', '5', 'Config/qiniu', '七牛云储存', 'fa fa-database', '1', '1', '2', '1', '');
INSERT INTO `dr_auth_rule` VALUES ('38', '0', 'Blog', '博客管理', 'fa fa-file-text', '1', '1', '97', '1', '');
INSERT INTO `dr_auth_rule` VALUES ('39', '38', 'article/category', '文章分类', 'fa fa-sitemap', '1', '1', '99', '1', '');
INSERT INTO `dr_auth_rule` VALUES ('40', '38', 'article/article', '文章列表', 'fa fa-file-text', '1', '1', '98', '1', '');
INSERT INTO `dr_auth_rule` VALUES ('41', '38', 'article/tags', '文章标签', 'fa fa-tags', '1', '1', '96', '1', '');

-- -----------------------------
-- Table structure for `dr_region`
-- -----------------------------
DROP TABLE IF EXISTS `dr_region`;
CREATE TABLE `dr_region` (
  `region_id` int(12) NOT NULL AUTO_INCREMENT COMMENT '地址ID',
  `parent_id` int(12) NOT NULL DEFAULT '0' COMMENT '父ID',
  `region_name` varchar(45) NOT NULL COMMENT '地址名',
  `region_type` int(1) NOT NULL DEFAULT '0' COMMENT '级数',
  `agency_id` int(5) NOT NULL DEFAULT '0' COMMENT '暂不用',
  PRIMARY KEY (`region_id`)
) ENGINE=InnoDB AUTO_INCREMENT=1768 DEFAULT CHARSET=utf8;

-- -----------------------------
-- Records of `dr_region`
-- -----------------------------
INSERT INTO `dr_region` VALUES ('1', '0', '中国', '0', '0');
INSERT INTO `dr_region` VALUES ('2', '1', '北京', '1', '0');
INSERT INTO `dr_region` VALUES ('3', '1', '安徽', '1', '0');
INSERT INTO `dr_region` VALUES ('4', '1', '福建', '1', '0');
INSERT INTO `dr_region` VALUES ('5', '1', '甘肃', '1', '0');
INSERT INTO `dr_region` VALUES ('6', '1', '广东', '1', '0');
INSERT INTO `dr_region` VALUES ('7', '1', '广西', '1', '0');
INSERT INTO `dr_region` VALUES ('8', '1', '贵州', '1', '0');
INSERT INTO `dr_region` VALUES ('9', '1', '海南', '1', '0');
INSERT INTO `dr_region` VALUES ('10', '1', '河北', '1', '0');
INSERT INTO `dr_region` VALUES ('11', '1', '河南', '1', '0');
INSERT INTO `dr_region` VALUES ('12', '1', '黑龙江', '1', '0');
INSERT INTO `dr_region` VALUES ('13', '1', '湖北', '1', '0');
INSERT INTO `dr_region` VALUES ('14', '1', '湖南', '1', '0');
INSERT INTO `dr_region` VALUES ('15', '1', '吉林', '1', '0');
INSERT INTO `dr_region` VALUES ('16', '1', '江苏', '1', '0');
INSERT INTO `dr_region` VALUES ('17', '1', '江西', '1', '0');
INSERT INTO `dr_region` VALUES ('18', '1', '辽宁', '1', '0');
INSERT INTO `dr_region` VALUES ('19', '1', '内蒙古', '1', '0');
INSERT INTO `dr_region` VALUES ('20', '1', '宁夏', '1', '0');
INSERT INTO `dr_region` VALUES ('21', '1', '青海', '1', '0');
INSERT INTO `dr_region` VALUES ('22', '1', '山东', '1', '0');
INSERT INTO `dr_region` VALUES ('23', '1', '山西', '1', '0');
INSERT INTO `dr_region` VALUES ('24', '1', '陕西', '1', '0');
INSERT INTO `dr_region` VALUES ('25', '1', '上海', '1', '0');
INSERT INTO `dr_region` VALUES ('26', '1', '四川', '1', '0');
INSERT INTO `dr_region` VALUES ('27', '1', '天津', '1', '0');
INSERT INTO `dr_region` VALUES ('28', '1', '西藏', '1', '0');
INSERT INTO `dr_region` VALUES ('29', '1', '新疆', '1', '0');
INSERT INTO `dr_region` VALUES ('30', '1', '云南', '1', '0');
INSERT INTO `dr_region` VALUES ('31', '1', '浙江', '1', '0');
INSERT INTO `dr_region` VALUES ('32', '1', '重庆', '1', '0');
INSERT INTO `dr_region` VALUES ('33', '1', '香港', '1', '0');
INSERT INTO `dr_region` VALUES ('34', '1', '澳门', '1', '0');
INSERT INTO `dr_region` VALUES ('35', '1', '台湾', '1', '0');
INSERT INTO `dr_region` VALUES ('36', '3', '安庆', '2', '0');
INSERT INTO `dr_region` VALUES ('37', '3', '蚌埠', '2', '0');
INSERT INTO `dr_region` VALUES ('38', '3', '巢湖', '2', '0');
INSERT INTO `dr_region` VALUES ('39', '3', '池州', '2', '0');
INSERT INTO `dr_region` VALUES ('40', '3', '滁州', '2', '0');
INSERT INTO `dr_region` VALUES ('41', '3', '阜阳', '2', '0');
INSERT INTO `dr_region` VALUES ('42', '3', '淮北', '2', '0');
INSERT INTO `dr_region` VALUES ('43', '3', '淮南', '2', '0');
INSERT INTO `dr_region` VALUES ('44', '3', '黄山', '2', '0');
INSERT INTO `dr_region` VALUES ('45', '3', '六安', '2', '0');
INSERT INTO `dr_region` VALUES ('46', '3', '马鞍山', '2', '0');
INSERT INTO `dr_region` VALUES ('47', '3', '宿州', '2', '0');
INSERT INTO `dr_region` VALUES ('48', '3', '铜陵', '2', '0');
INSERT INTO `dr_region` VALUES ('49', '3', '芜湖', '2', '0');
INSERT INTO `dr_region` VALUES ('50', '3', '宣城', '2', '0');
INSERT INTO `dr_region` VALUES ('51', '3', '亳州', '2', '0');
INSERT INTO `dr_region` VALUES ('52', '2', '北京', '2', '0');
INSERT INTO `dr_region` VALUES ('53', '4', '福州', '2', '0');
INSERT INTO `dr_region` VALUES ('54', '4', '龙岩', '2', '0');
INSERT INTO `dr_region` VALUES ('55', '4', '南平', '2', '0');
INSERT INTO `dr_region` VALUES ('56', '4', '宁德', '2', '0');
INSERT INTO `dr_region` VALUES ('57', '4', '莆田', '2', '0');
INSERT INTO `dr_region` VALUES ('58', '4', '泉州', '2', '0');
INSERT INTO `dr_region` VALUES ('59', '4', '三明', '2', '0');
INSERT INTO `dr_region` VALUES ('60', '4', '厦门', '2', '0');
INSERT INTO `dr_region` VALUES ('61', '4', '漳州', '2', '0');
INSERT INTO `dr_region` VALUES ('62', '5', '兰州', '2', '0');
INSERT INTO `dr_region` VALUES ('63', '5', '白银', '2', '0');
INSERT INTO `dr_region` VALUES ('64', '5', '定西', '2', '0');
INSERT INTO `dr_region` VALUES ('65', '5', '甘南', '2', '0');
INSERT INTO `dr_region` VALUES ('66', '5', '嘉峪关', '2', '0');
INSERT INTO `dr_region` VALUES ('67', '5', '金昌', '2', '0');
INSERT INTO `dr_region` VALUES ('68', '5', '酒泉', '2', '0');
INSERT INTO `dr_region` VALUES ('69', '5', '临夏', '2', '0');
INSERT INTO `dr_region` VALUES ('70', '5', '陇南', '2', '0');
INSERT INTO `dr_region` VALUES ('71', '5', '平凉', '2', '0');
INSERT INTO `dr_region` VALUES ('72', '5', '庆阳', '2', '0');
INSERT INTO `dr_region` VALUES ('73', '5', '天水', '2', '0');
INSERT INTO `dr_region` VALUES ('74', '5', '武威', '2', '0');
INSERT INTO `dr_region` VALUES ('75', '5', '张掖', '2', '0');
INSERT INTO `dr_region` VALUES ('76', '6', '广州', '2', '0');
INSERT INTO `dr_region` VALUES ('77', '6', '深圳', '2', '0');
INSERT INTO `dr_region` VALUES ('78', '6', '潮州', '2', '0');
INSERT INTO `dr_region` VALUES ('79', '6', '东莞', '2', '0');
INSERT INTO `dr_region` VALUES ('80', '6', '佛山', '2', '0');
INSERT INTO `dr_region` VALUES ('81', '6', '河源', '2', '0');
INSERT INTO `dr_region` VALUES ('82', '6', '惠州', '2', '0');
INSERT INTO `dr_region` VALUES ('83', '6', '江门', '2', '0');
INSERT INTO `dr_region` VALUES ('84', '6', '揭阳', '2', '0');
INSERT INTO `dr_region` VALUES ('85', '6', '茂名', '2', '0');
INSERT INTO `dr_region` VALUES ('86', '6', '梅州', '2', '0');
INSERT INTO `dr_region` VALUES ('87', '6', '清远', '2', '0');
INSERT INTO `dr_region` VALUES ('88', '6', '汕头', '2', '0');
INSERT INTO `dr_region` VALUES ('89', '6', '汕尾', '2', '0');
INSERT INTO `dr_region` VALUES ('90', '6', '韶关', '2', '0');
INSERT INTO `dr_region` VALUES ('91', '6', '阳江', '2', '0');
INSERT INTO `dr_region` VALUES ('92', '6', '云浮', '2', '0');
INSERT INTO `dr_region` VALUES ('93', '6', '湛江', '2', '0');
INSERT INTO `dr_region` VALUES ('94', '6', '肇庆', '2', '0');
INSERT INTO `dr_region` VALUES ('95', '6', '中山', '2', '0');
INSERT INTO `dr_region` VALUES ('96', '6', '珠海', '2', '0');
INSERT INTO `dr_region` VALUES ('97', '7', '南宁', '2', '0');
INSERT INTO `dr_region` VALUES ('98', '7', '桂林', '2', '0');
INSERT INTO `dr_region` VALUES ('99', '7', '百色', '2', '0');
INSERT INTO `dr_region` VALUES ('100', '7', '北海', '2', '0');
INSERT INTO `dr_region` VALUES ('101', '7', '崇左', '2', '0');
INSERT INTO `dr_region` VALUES ('102', '7', '防城港', '2', '0');
INSERT INTO `dr_region` VALUES ('103', '7', '贵港', '2', '0');
INSERT INTO `dr_region` VALUES ('104', '7', '河池', '2', '0');
INSERT INTO `dr_region` VALUES ('105', '7', '贺州', '2', '0');
INSERT INTO `dr_region` VALUES ('106', '7', '来宾', '2', '0');
INSERT INTO `dr_region` VALUES ('107', '7', '柳州', '2', '0');
INSERT INTO `dr_region` VALUES ('108', '7', '钦州', '2', '0');
INSERT INTO `dr_region` VALUES ('109', '7', '梧州', '2', '0');
INSERT INTO `dr_region` VALUES ('110', '7', '玉林', '2', '0');
INSERT INTO `dr_region` VALUES ('111', '8', '贵阳', '2', '0');
INSERT INTO `dr_region` VALUES ('112', '8', '安顺', '2', '0');
INSERT INTO `dr_region` VALUES ('113', '8', '毕节', '2', '0');
INSERT INTO `dr_region` VALUES ('114', '8', '六盘水', '2', '0');
INSERT INTO `dr_region` VALUES ('115', '8', '黔东南', '2', '0');
INSERT INTO `dr_region` VALUES ('116', '8', '黔南', '2', '0');
INSERT INTO `dr_region` VALUES ('117', '8', '黔西南', '2', '0');
INSERT INTO `dr_region` VALUES ('118', '8', '铜仁', '2', '0');
INSERT INTO `dr_region` VALUES ('119', '8', '遵义', '2', '0');
INSERT INTO `dr_region` VALUES ('120', '9', '海口', '2', '0');
INSERT INTO `dr_region` VALUES ('121', '9', '三亚', '2', '0');
INSERT INTO `dr_region` VALUES ('122', '9', '白沙', '2', '0');
INSERT INTO `dr_region` VALUES ('123', '9', '保亭', '2', '0');
INSERT INTO `dr_region` VALUES ('124', '9', '昌江', '2', '0');
INSERT INTO `dr_region` VALUES ('125', '9', '澄迈县', '2', '0');
INSERT INTO `dr_region` VALUES ('126', '9', '定安县', '2', '0');
INSERT INTO `dr_region` VALUES ('127', '9', '东方', '2', '0');
INSERT INTO `dr_region` VALUES ('128', '9', '乐东', '2', '0');
INSERT INTO `dr_region` VALUES ('129', '9', '临高县', '2', '0');
INSERT INTO `dr_region` VALUES ('130', '9', '陵水', '2', '0');
INSERT INTO `dr_region` VALUES ('131', '9', '琼海', '2', '0');
INSERT INTO `dr_region` VALUES ('132', '9', '琼中', '2', '0');
INSERT INTO `dr_region` VALUES ('133', '9', '屯昌县', '2', '0');
INSERT INTO `dr_region` VALUES ('134', '9', '万宁', '2', '0');
INSERT INTO `dr_region` VALUES ('135', '9', '文昌', '2', '0');
INSERT INTO `dr_region` VALUES ('136', '9', '五指山', '2', '0');
INSERT INTO `dr_region` VALUES ('137', '9', '儋州', '2', '0');
INSERT INTO `dr_region` VALUES ('138', '10', '石家庄', '2', '0');
INSERT INTO `dr_region` VALUES ('139', '10', '保定', '2', '0');
INSERT INTO `dr_region` VALUES ('140', '10', '沧州', '2', '0');
INSERT INTO `dr_region` VALUES ('141', '10', '承德', '2', '0');
INSERT INTO `dr_region` VALUES ('142', '10', '邯郸', '2', '0');
INSERT INTO `dr_region` VALUES ('143', '10', '衡水', '2', '0');
INSERT INTO `dr_region` VALUES ('144', '10', '廊坊', '2', '0');
INSERT INTO `dr_region` VALUES ('145', '10', '秦皇岛', '2', '0');
INSERT INTO `dr_region` VALUES ('146', '10', '唐山', '2', '0');
INSERT INTO `dr_region` VALUES ('147', '10', '邢台', '2', '0');
INSERT INTO `dr_region` VALUES ('148', '10', '张家口', '2', '0');
INSERT INTO `dr_region` VALUES ('149', '11', '郑州', '2', '0');
INSERT INTO `dr_region` VALUES ('150', '11', '洛阳', '2', '0');
INSERT INTO `dr_region` VALUES ('151', '11', '开封', '2', '0');
INSERT INTO `dr_region` VALUES ('152', '11', '安阳', '2', '0');
INSERT INTO `dr_region` VALUES ('153', '11', '鹤壁', '2', '0');
INSERT INTO `dr_region` VALUES ('154', '11', '济源', '2', '0');
INSERT INTO `dr_region` VALUES ('155', '11', '焦作', '2', '0');
INSERT INTO `dr_region` VALUES ('156', '11', '南阳', '2', '0');
INSERT INTO `dr_region` VALUES ('157', '11', '平顶山', '2', '0');
INSERT INTO `dr_region` VALUES ('158', '11', '三门峡', '2', '0');
INSERT INTO `dr_region` VALUES ('159', '11', '商丘', '2', '0');
INSERT INTO `dr_region` VALUES ('160', '11', '新乡', '2', '0');
INSERT INTO `dr_region` VALUES ('161', '11', '信阳', '2', '0');
INSERT INTO `dr_region` VALUES ('162', '11', '许昌', '2', '0');
INSERT INTO `dr_region` VALUES ('163', '11', '周口', '2', '0');
INSERT INTO `dr_region` VALUES ('164', '11', '驻马店', '2', '0');
INSERT INTO `dr_region` VALUES ('165', '11', '漯河', '2', '0');
INSERT INTO `dr_region` VALUES ('166', '11', '濮阳', '2', '0');
INSERT INTO `dr_region` VALUES ('167', '12', '哈尔滨', '2', '0');
INSERT INTO `dr_region` VALUES ('168', '12', '大庆', '2', '0');
INSERT INTO `dr_region` VALUES ('169', '12', '大兴安岭', '2', '0');
INSERT INTO `dr_region` VALUES ('170', '12', '鹤岗', '2', '0');
INSERT INTO `dr_region` VALUES ('171', '12', '黑河', '2', '0');
INSERT INTO `dr_region` VALUES ('172', '12', '鸡西', '2', '0');
INSERT INTO `dr_region` VALUES ('173', '12', '佳木斯', '2', '0');
INSERT INTO `dr_region` VALUES ('174', '12', '牡丹江', '2', '0');
INSERT INTO `dr_region` VALUES ('175', '12', '七台河', '2', '0');
INSERT INTO `dr_region` VALUES ('176', '12', '齐齐哈尔', '2', '0');
INSERT INTO `dr_region` VALUES ('177', '12', '双鸭山', '2', '0');
INSERT INTO `dr_region` VALUES ('178', '12', '绥化', '2', '0');
INSERT INTO `dr_region` VALUES ('179', '12', '伊春', '2', '0');
INSERT INTO `dr_region` VALUES ('180', '13', '武汉', '2', '0');
INSERT INTO `dr_region` VALUES ('181', '13', '仙桃', '2', '0');
INSERT INTO `dr_region` VALUES ('182', '13', '鄂州', '2', '0');
INSERT INTO `dr_region` VALUES ('183', '13', '黄冈', '2', '0');
INSERT INTO `dr_region` VALUES ('184', '13', '黄石', '2', '0');
INSERT INTO `dr_region` VALUES ('185', '13', '荆门', '2', '0');
INSERT INTO `dr_region` VALUES ('186', '13', '荆州', '2', '0');
INSERT INTO `dr_region` VALUES ('187', '13', '潜江', '2', '0');
INSERT INTO `dr_region` VALUES ('188', '13', '神农架林区', '2', '0');
INSERT INTO `dr_region` VALUES ('189', '13', '十堰', '2', '0');
INSERT INTO `dr_region` VALUES ('190', '13', '随州', '2', '0');
INSERT INTO `dr_region` VALUES ('191', '13', '天门', '2', '0');
INSERT INTO `dr_region` VALUES ('192', '13', '咸宁', '2', '0');
INSERT INTO `dr_region` VALUES ('193', '13', '襄樊', '2', '0');
INSERT INTO `dr_region` VALUES ('194', '13', '孝感', '2', '0');
INSERT INTO `dr_region` VALUES ('195', '13', '宜昌', '2', '0');
INSERT INTO `dr_region` VALUES ('196', '13', '恩施', '2', '0');
INSERT INTO `dr_region` VALUES ('197', '14', '长沙', '2', '0');
INSERT INTO `dr_region` VALUES ('198', '14', '张家界', '2', '0');
INSERT INTO `dr_region` VALUES ('199', '14', '常德', '2', '0');
INSERT INTO `dr_region` VALUES ('200', '14', '郴州', '2', '0');
INSERT INTO `dr_region` VALUES ('201', '14', '衡阳', '2', '0');
INSERT INTO `dr_region` VALUES ('202', '14', '怀化', '2', '0');
INSERT INTO `dr_region` VALUES ('203', '14', '娄底', '2', '0');
INSERT INTO `dr_region` VALUES ('204', '14', '邵阳', '2', '0');
INSERT INTO `dr_region` VALUES ('205', '14', '湘潭', '2', '0');
INSERT INTO `dr_region` VALUES ('206', '14', '湘西', '2', '0');
INSERT INTO `dr_region` VALUES ('207', '14', '益阳', '2', '0');
INSERT INTO `dr_region` VALUES ('208', '14', '永州', '2', '0');
INSERT INTO `dr_region` VALUES ('209', '14', '岳阳', '2', '0');
INSERT INTO `dr_region` VALUES ('210', '14', '株洲', '2', '0');
INSERT INTO `dr_region` VALUES ('211', '15', '长春', '2', '0');
INSERT INTO `dr_region` VALUES ('212', '15', '吉林', '2', '0');
INSERT INTO `dr_region` VALUES ('213', '15', '白城', '2', '0');
INSERT INTO `dr_region` VALUES ('214', '15', '白山', '2', '0');
INSERT INTO `dr_region` VALUES ('215', '15', '辽源', '2', '0');
INSERT INTO `dr_region` VALUES ('216', '15', '四平', '2', '0');
INSERT INTO `dr_region` VALUES ('217', '15', '松原', '2', '0');
INSERT INTO `dr_region` VALUES ('218', '15', '通化', '2', '0');
INSERT INTO `dr_region` VALUES ('219', '15', '延边', '2', '0');
INSERT INTO `dr_region` VALUES ('220', '16', '南京', '2', '0');
INSERT INTO `dr_region` VALUES ('221', '16', '苏州', '2', '0');
INSERT INTO `dr_region` VALUES ('222', '16', '无锡', '2', '0');
INSERT INTO `dr_region` VALUES ('223', '16', '常州', '2', '0');
INSERT INTO `dr_region` VALUES ('224', '16', '淮安', '2', '0');
INSERT INTO `dr_region` VALUES ('225', '16', '连云港', '2', '0');
INSERT INTO `dr_region` VALUES ('226', '16', '南通', '2', '0');
INSERT INTO `dr_region` VALUES ('227', '16', '宿迁', '2', '0');
INSERT INTO `dr_region` VALUES ('228', '16', '泰州', '2', '0');
INSERT INTO `dr_region` VALUES ('229', '16', '徐州', '2', '0');
INSERT INTO `dr_region` VALUES ('230', '16', '盐城', '2', '0');
INSERT INTO `dr_region` VALUES ('231', '16', '扬州', '2', '0');
INSERT INTO `dr_region` VALUES ('232', '16', '镇江', '2', '0');
INSERT INTO `dr_region` VALUES ('233', '17', '南昌', '2', '0');
INSERT INTO `dr_region` VALUES ('234', '17', '抚州', '2', '0');
INSERT INTO `dr_region` VALUES ('235', '17', '赣州', '2', '0');
INSERT INTO `dr_region` VALUES ('236', '17', '吉安', '2', '0');
INSERT INTO `dr_region` VALUES ('237', '17', '景德镇', '2', '0');
INSERT INTO `dr_region` VALUES ('238', '17', '九江', '2', '0');
INSERT INTO `dr_region` VALUES ('239', '17', '萍乡', '2', '0');
INSERT INTO `dr_region` VALUES ('240', '17', '上饶', '2', '0');
INSERT INTO `dr_region` VALUES ('241', '17', '新余', '2', '0');
INSERT INTO `dr_region` VALUES ('242', '17', '宜春', '2', '0');
INSERT INTO `dr_region` VALUES ('243', '17', '鹰潭', '2', '0');
INSERT INTO `dr_region` VALUES ('244', '18', '沈阳', '2', '0');
INSERT INTO `dr_region` VALUES ('245', '18', '大连', '2', '0');
INSERT INTO `dr_region` VALUES ('246', '18', '鞍山', '2', '0');
INSERT INTO `dr_region` VALUES ('247', '18', '本溪', '2', '0');
INSERT INTO `dr_region` VALUES ('248', '18', '朝阳', '2', '0');
INSERT INTO `dr_region` VALUES ('249', '18', '丹东', '2', '0');
INSERT INTO `dr_region` VALUES ('250', '18', '抚顺', '2', '0');
INSERT INTO `dr_region` VALUES ('251', '18', '阜新', '2', '0');
INSERT INTO `dr_region` VALUES ('252', '18', '葫芦岛', '2', '0');
INSERT INTO `dr_region` VALUES ('253', '18', '锦州', '2', '0');
INSERT INTO `dr_region` VALUES ('254', '18', '辽阳', '2', '0');
INSERT INTO `dr_region` VALUES ('255', '18', '盘锦', '2', '0');
INSERT INTO `dr_region` VALUES ('256', '18', '铁岭', '2', '0');
INSERT INTO `dr_region` VALUES ('257', '18', '营口', '2', '0');
INSERT INTO `dr_region` VALUES ('258', '19', '呼和浩特', '2', '0');
INSERT INTO `dr_region` VALUES ('259', '19', '阿拉善盟', '2', '0');
INSERT INTO `dr_region` VALUES ('260', '19', '巴彦淖尔盟', '2', '0');
INSERT INTO `dr_region` VALUES ('261', '19', '包头', '2', '0');
INSERT INTO `dr_region` VALUES ('262', '19', '赤峰', '2', '0');
INSERT INTO `dr_region` VALUES ('263', '19', '鄂尔多斯', '2', '0');
INSERT INTO `dr_region` VALUES ('264', '19', '呼伦贝尔', '2', '0');
INSERT INTO `dr_region` VALUES ('265', '19', '通辽', '2', '0');
INSERT INTO `dr_region` VALUES ('266', '19', '乌海', '2', '0');
INSERT INTO `dr_region` VALUES ('267', '19', '乌兰察布市', '2', '0');
INSERT INTO `dr_region` VALUES ('268', '19', '锡林郭勒盟', '2', '0');
INSERT INTO `dr_region` VALUES ('269', '19', '兴安盟', '2', '0');
INSERT INTO `dr_region` VALUES ('270', '20', '银川', '2', '0');
INSERT INTO `dr_region` VALUES ('271', '20', '固原', '2', '0');
INSERT INTO `dr_region` VALUES ('272', '20', '石嘴山', '2', '0');
INSERT INTO `dr_region` VALUES ('273', '20', '吴忠', '2', '0');
INSERT INTO `dr_region` VALUES ('274', '20', '中卫', '2', '0');
INSERT INTO `dr_region` VALUES ('275', '21', '西宁', '2', '0');
INSERT INTO `dr_region` VALUES ('276', '21', '果洛', '2', '0');
INSERT INTO `dr_region` VALUES ('277', '21', '海北', '2', '0');
INSERT INTO `dr_region` VALUES ('278', '21', '海东', '2', '0');
INSERT INTO `dr_region` VALUES ('279', '21', '海南', '2', '0');
INSERT INTO `dr_region` VALUES ('280', '21', '海西', '2', '0');
INSERT INTO `dr_region` VALUES ('281', '21', '黄南', '2', '0');
INSERT INTO `dr_region` VALUES ('282', '21', '玉树', '2', '0');
INSERT INTO `dr_region` VALUES ('283', '22', '济南', '2', '0');
INSERT INTO `dr_region` VALUES ('284', '22', '青岛', '2', '0');
INSERT INTO `dr_region` VALUES ('285', '22', '滨州', '2', '0');
INSERT INTO `dr_region` VALUES ('286', '22', '德州', '2', '0');
INSERT INTO `dr_region` VALUES ('287', '22', '东营', '2', '0');
INSERT INTO `dr_region` VALUES ('288', '22', '菏泽', '2', '0');
INSERT INTO `dr_region` VALUES ('289', '22', '济宁', '2', '0');
INSERT INTO `dr_region` VALUES ('290', '22', '莱芜', '2', '0');
INSERT INTO `dr_region` VALUES ('291', '22', '聊城', '2', '0');
INSERT INTO `dr_region` VALUES ('292', '22', '临沂', '2', '0');
INSERT INTO `dr_region` VALUES ('293', '22', '日照', '2', '0');
INSERT INTO `dr_region` VALUES ('294', '22', '泰安', '2', '0');
INSERT INTO `dr_region` VALUES ('295', '22', '威海', '2', '0');
INSERT INTO `dr_region` VALUES ('296', '22', '潍坊', '2', '0');
INSERT INTO `dr_region` VALUES ('297', '22', '烟台', '2', '0');
INSERT INTO `dr_region` VALUES ('298', '22', '枣庄', '2', '0');
INSERT INTO `dr_region` VALUES ('299', '22', '淄博', '2', '0');
INSERT INTO `dr_region` VALUES ('300', '23', '太原', '2', '0');
INSERT INTO `dr_region` VALUES ('301', '23', '长治', '2', '0');
INSERT INTO `dr_region` VALUES ('302', '23', '大同', '2', '0');
INSERT INTO `dr_region` VALUES ('303', '23', '晋城', '2', '0');
INSERT INTO `dr_region` VALUES ('304', '23', '晋中', '2', '0');
INSERT INTO `dr_region` VALUES ('305', '23', '临汾', '2', '0');
INSERT INTO `dr_region` VALUES ('306', '23', '吕梁', '2', '0');
INSERT INTO `dr_region` VALUES ('307', '23', '朔州', '2', '0');
INSERT INTO `dr_region` VALUES ('308', '23', '忻州', '2', '0');
INSERT INTO `dr_region` VALUES ('309', '23', '阳泉', '2', '0');
INSERT INTO `dr_region` VALUES ('310', '23', '运城', '2', '0');
INSERT INTO `dr_region` VALUES ('311', '24', '西安', '2', '0');
INSERT INTO `dr_region` VALUES ('312', '24', '安康', '2', '0');
INSERT INTO `dr_region` VALUES ('313', '24', '宝鸡', '2', '0');
INSERT INTO `dr_region` VALUES ('314', '24', '汉中', '2', '0');
INSERT INTO `dr_region` VALUES ('315', '24', '商洛', '2', '0');
INSERT INTO `dr_region` VALUES ('316', '24', '铜川', '2', '0');
INSERT INTO `dr_region` VALUES ('317', '24', '渭南', '2', '0');
INSERT INTO `dr_region` VALUES ('318', '24', '咸阳', '2', '0');
INSERT INTO `dr_region` VALUES ('319', '24', '延安', '2', '0');
INSERT INTO `dr_region` VALUES ('320', '24', '榆林', '2', '0');
INSERT INTO `dr_region` VALUES ('321', '25', '上海', '2', '0');
INSERT INTO `dr_region` VALUES ('322', '26', '成都', '2', '0');
INSERT INTO `dr_region` VALUES ('323', '26', '绵阳', '2', '0');
INSERT INTO `dr_region` VALUES ('324', '26', '阿坝', '2', '0');
INSERT INTO `dr_region` VALUES ('325', '26', '巴中', '2', '0');
INSERT INTO `dr_region` VALUES ('326', '26', '达州', '2', '0');
INSERT INTO `dr_region` VALUES ('327', '26', '德阳', '2', '0');
INSERT INTO `dr_region` VALUES ('328', '26', '甘孜', '2', '0');
INSERT INTO `dr_region` VALUES ('329', '26', '广安', '2', '0');
INSERT INTO `dr_region` VALUES ('330', '26', '广元', '2', '0');
INSERT INTO `dr_region` VALUES ('331', '26', '乐山', '2', '0');
INSERT INTO `dr_region` VALUES ('332', '26', '凉山', '2', '0');
INSERT INTO `dr_region` VALUES ('333', '26', '眉山', '2', '0');
INSERT INTO `dr_region` VALUES ('334', '26', '南充', '2', '0');
INSERT INTO `dr_region` VALUES ('335', '26', '内江', '2', '0');
INSERT INTO `dr_region` VALUES ('336', '26', '攀枝花', '2', '0');
INSERT INTO `dr_region` VALUES ('337', '26', '遂宁', '2', '0');
INSERT INTO `dr_region` VALUES ('338', '26', '雅安', '2', '0');
INSERT INTO `dr_region` VALUES ('339', '26', '宜宾', '2', '0');
INSERT INTO `dr_region` VALUES ('340', '26', '资阳', '2', '0');
INSERT INTO `dr_region` VALUES ('341', '26', '自贡', '2', '0');
INSERT INTO `dr_region` VALUES ('342', '26', '泸州', '2', '0');
INSERT INTO `dr_region` VALUES ('343', '27', '天津', '2', '0');
INSERT INTO `dr_region` VALUES ('344', '28', '拉萨', '2', '0');
INSERT INTO `dr_region` VALUES ('345', '28', '阿里', '2', '0');
INSERT INTO `dr_region` VALUES ('346', '28', '昌都', '2', '0');
INSERT INTO `dr_region` VALUES ('347', '28', '林芝', '2', '0');
INSERT INTO `dr_region` VALUES ('348', '28', '那曲', '2', '0');
INSERT INTO `dr_region` VALUES ('349', '28', '日喀则', '2', '0');
INSERT INTO `dr_region` VALUES ('350', '28', '山南', '2', '0');
INSERT INTO `dr_region` VALUES ('351', '29', '乌鲁木齐', '2', '0');
INSERT INTO `dr_region` VALUES ('352', '29', '阿克苏', '2', '0');
INSERT INTO `dr_region` VALUES ('353', '29', '阿拉尔', '2', '0');
INSERT INTO `dr_region` VALUES ('354', '29', '巴音郭楞', '2', '0');
INSERT INTO `dr_region` VALUES ('355', '29', '博尔塔拉', '2', '0');
INSERT INTO `dr_region` VALUES ('356', '29', '昌吉', '2', '0');
INSERT INTO `dr_region` VALUES ('357', '29', '哈密', '2', '0');
INSERT INTO `dr_region` VALUES ('358', '29', '和田', '2', '0');
INSERT INTO `dr_region` VALUES ('359', '29', '喀什', '2', '0');
INSERT INTO `dr_region` VALUES ('360', '29', '克拉玛依', '2', '0');
INSERT INTO `dr_region` VALUES ('361', '29', '克孜勒苏', '2', '0');
INSERT INTO `dr_region` VALUES ('362', '29', '石河子', '2', '0');
INSERT INTO `dr_region` VALUES ('363', '29', '图木舒克', '2', '0');
INSERT INTO `dr_region` VALUES ('364', '29', '吐鲁番', '2', '0');
INSERT INTO `dr_region` VALUES ('365', '29', '五家渠', '2', '0');
INSERT INTO `dr_region` VALUES ('366', '29', '伊犁', '2', '0');
INSERT INTO `dr_region` VALUES ('367', '30', '昆明', '2', '0');
INSERT INTO `dr_region` VALUES ('368', '30', '怒江', '2', '0');
INSERT INTO `dr_region` VALUES ('369', '30', '普洱', '2', '0');
INSERT INTO `dr_region` VALUES ('370', '30', '丽江', '2', '0');
INSERT INTO `dr_region` VALUES ('371', '30', '保山', '2', '0');
INSERT INTO `dr_region` VALUES ('372', '30', '楚雄', '2', '0');
INSERT INTO `dr_region` VALUES ('373', '30', '大理', '2', '0');
INSERT INTO `dr_region` VALUES ('374', '30', '德宏', '2', '0');
INSERT INTO `dr_region` VALUES ('375', '30', '迪庆', '2', '0');
INSERT INTO `dr_region` VALUES ('376', '30', '红河', '2', '0');
INSERT INTO `dr_region` VALUES ('377', '30', '临沧', '2', '0');
INSERT INTO `dr_region` VALUES ('378', '30', '曲靖', '2', '0');
INSERT INTO `dr_region` VALUES ('379', '30', '文山', '2', '0');
INSERT INTO `dr_region` VALUES ('380', '30', '西双版纳', '2', '0');
INSERT INTO `dr_region` VALUES ('381', '30', '玉溪', '2', '0');
INSERT INTO `dr_region` VALUES ('382', '30', '昭通', '2', '0');
INSERT INTO `dr_region` VALUES ('383', '31', '杭州', '2', '0');
INSERT INTO `dr_region` VALUES ('384', '31', '湖州', '2', '0');
INSERT INTO `dr_region` VALUES ('385', '31', '嘉兴', '2', '0');
INSERT INTO `dr_region` VALUES ('386', '31', '金华', '2', '0');
INSERT INTO `dr_region` VALUES ('387', '31', '丽水', '2', '0');
INSERT INTO `dr_region` VALUES ('388', '31', '宁波', '2', '0');
INSERT INTO `dr_region` VALUES ('389', '31', '绍兴', '2', '0');
INSERT INTO `dr_region` VALUES ('390', '31', '台州', '2', '0');
INSERT INTO `dr_region` VALUES ('391', '31', '温州', '2', '0');
INSERT INTO `dr_region` VALUES ('392', '31', '舟山', '2', '0');
INSERT INTO `dr_region` VALUES ('393', '31', '衢州', '2', '0');
INSERT INTO `dr_region` VALUES ('394', '32', '重庆', '2', '0');
INSERT INTO `dr_region` VALUES ('395', '33', '香港', '2', '0');
INSERT INTO `dr_region` VALUES ('396', '34', '澳门', '2', '0');
INSERT INTO `dr_region` VALUES ('397', '35', '台湾', '2', '0');
INSERT INTO `dr_region` VALUES ('398', '36', '迎江区', '3', '0');
INSERT INTO `dr_region` VALUES ('399', '36', '大观区', '3', '0');
INSERT INTO `dr_region` VALUES ('400', '36', '宜秀区', '3', '0');
INSERT INTO `dr_region` VALUES ('401', '36', '桐城市', '3', '0');
INSERT INTO `dr_region` VALUES ('402', '36', '怀宁县', '3', '0');
INSERT INTO `dr_region` VALUES ('403', '36', '枞阳县', '3', '0');
INSERT INTO `dr_region` VALUES ('404', '36', '潜山县', '3', '0');
INSERT INTO `dr_region` VALUES ('405', '36', '太湖县', '3', '0');
INSERT INTO `dr_region` VALUES ('406', '36', '宿松县', '3', '0');
INSERT INTO `dr_region` VALUES ('407', '36', '望江县', '3', '0');
INSERT INTO `dr_region` VALUES ('408', '36', '岳西县', '3', '0');
INSERT INTO `dr_region` VALUES ('409', '37', '中市区', '3', '0');
INSERT INTO `dr_region` VALUES ('410', '37', '东市区', '3', '0');
INSERT INTO `dr_region` VALUES ('411', '37', '西市区', '3', '0');
INSERT INTO `dr_region` VALUES ('412', '37', '郊区', '3', '0');
INSERT INTO `dr_region` VALUES ('413', '37', '怀远县', '3', '0');
INSERT INTO `dr_region` VALUES ('414', '37', '五河县', '3', '0');
INSERT INTO `dr_region` VALUES ('415', '37', '固镇县', '3', '0');
INSERT INTO `dr_region` VALUES ('416', '38', '居巢区', '3', '0');
INSERT INTO `dr_region` VALUES ('417', '38', '庐江县', '3', '0');
INSERT INTO `dr_region` VALUES ('418', '38', '无为县', '3', '0');
INSERT INTO `dr_region` VALUES ('419', '38', '含山县', '3', '0');
INSERT INTO `dr_region` VALUES ('420', '38', '和县', '3', '0');
INSERT INTO `dr_region` VALUES ('421', '39', '贵池区', '3', '0');
INSERT INTO `dr_region` VALUES ('422', '39', '东至县', '3', '0');
INSERT INTO `dr_region` VALUES ('423', '39', '石台县', '3', '0');
INSERT INTO `dr_region` VALUES ('424', '39', '青阳县', '3', '0');
INSERT INTO `dr_region` VALUES ('425', '40', '琅琊区', '3', '0');
INSERT INTO `dr_region` VALUES ('426', '40', '南谯区', '3', '0');
INSERT INTO `dr_region` VALUES ('427', '40', '天长市', '3', '0');
INSERT INTO `dr_region` VALUES ('428', '40', '明光市', '3', '0');
INSERT INTO `dr_region` VALUES ('429', '40', '来安县', '3', '0');
INSERT INTO `dr_region` VALUES ('430', '40', '全椒县', '3', '0');
INSERT INTO `dr_region` VALUES ('431', '40', '定远县', '3', '0');
INSERT INTO `dr_region` VALUES ('432', '40', '凤阳县', '3', '0');
INSERT INTO `dr_region` VALUES ('433', '41', '蚌山区', '3', '0');
INSERT INTO `dr_region` VALUES ('434', '41', '龙子湖区', '3', '0');
INSERT INTO `dr_region` VALUES ('435', '41', '禹会区', '3', '0');
INSERT INTO `dr_region` VALUES ('436', '41', '淮上区', '3', '0');
INSERT INTO `dr_region` VALUES ('437', '41', '颍州区', '3', '0');
INSERT INTO `dr_region` VALUES ('438', '41', '颍东区', '3', '0');
INSERT INTO `dr_region` VALUES ('439', '41', '颍泉区', '3', '0');
INSERT INTO `dr_region` VALUES ('440', '41', '界首市', '3', '0');
INSERT INTO `dr_region` VALUES ('441', '41', '临泉县', '3', '0');
INSERT INTO `dr_region` VALUES ('442', '41', '太和县', '3', '0');
INSERT INTO `dr_region` VALUES ('443', '41', '阜南县', '3', '0');
INSERT INTO `dr_region` VALUES ('444', '41', '颖上县', '3', '0');
INSERT INTO `dr_region` VALUES ('445', '42', '相山区', '3', '0');
INSERT INTO `dr_region` VALUES ('446', '42', '杜集区', '3', '0');
INSERT INTO `dr_region` VALUES ('447', '42', '烈山区', '3', '0');
INSERT INTO `dr_region` VALUES ('448', '42', '濉溪县', '3', '0');
INSERT INTO `dr_region` VALUES ('449', '43', '田家庵区', '3', '0');
INSERT INTO `dr_region` VALUES ('450', '43', '大通区', '3', '0');
INSERT INTO `dr_region` VALUES ('451', '43', '谢家集区', '3', '0');
INSERT INTO `dr_region` VALUES ('452', '43', '八公山区', '3', '0');
INSERT INTO `dr_region` VALUES ('453', '43', '潘集区', '3', '0');
INSERT INTO `dr_region` VALUES ('454', '43', '凤台县', '3', '0');
INSERT INTO `dr_region` VALUES ('455', '44', '屯溪区', '3', '0');
INSERT INTO `dr_region` VALUES ('456', '44', '黄山区', '3', '0');
INSERT INTO `dr_region` VALUES ('457', '44', '徽州区', '3', '0');
INSERT INTO `dr_region` VALUES ('458', '44', '歙县', '3', '0');
INSERT INTO `dr_region` VALUES ('459', '44', '休宁县', '3', '0');
INSERT INTO `dr_region` VALUES ('460', '44', '黟县', '3', '0');
INSERT INTO `dr_region` VALUES ('461', '44', '祁门县', '3', '0');
INSERT INTO `dr_region` VALUES ('462', '45', '金安区', '3', '0');
INSERT INTO `dr_region` VALUES ('463', '45', '裕安区', '3', '0');
INSERT INTO `dr_region` VALUES ('464', '45', '寿县', '3', '0');
INSERT INTO `dr_region` VALUES ('465', '45', '霍邱县', '3', '0');
INSERT INTO `dr_region` VALUES ('466', '45', '舒城县', '3', '0');
INSERT INTO `dr_region` VALUES ('467', '45', '金寨县', '3', '0');
INSERT INTO `dr_region` VALUES ('468', '45', '霍山县', '3', '0');
INSERT INTO `dr_region` VALUES ('469', '46', '雨山区', '3', '0');
INSERT INTO `dr_region` VALUES ('470', '46', '花山区', '3', '0');
INSERT INTO `dr_region` VALUES ('471', '46', '金家庄区', '3', '0');
INSERT INTO `dr_region` VALUES ('472', '46', '当涂县', '3', '0');
INSERT INTO `dr_region` VALUES ('473', '47', '埇桥区', '3', '0');
INSERT INTO `dr_region` VALUES ('474', '47', '砀山县', '3', '0');
INSERT INTO `dr_region` VALUES ('475', '47', '萧县', '3', '0');
INSERT INTO `dr_region` VALUES ('476', '47', '灵璧县', '3', '0');
INSERT INTO `dr_region` VALUES ('477', '47', '泗县', '3', '0');
INSERT INTO `dr_region` VALUES ('478', '48', '铜官山区', '3', '0');
INSERT INTO `dr_region` VALUES ('479', '48', '狮子山区', '3', '0');
INSERT INTO `dr_region` VALUES ('480', '48', '郊区', '3', '0');
INSERT INTO `dr_region` VALUES ('481', '48', '铜陵县', '3', '0');
INSERT INTO `dr_region` VALUES ('482', '49', '镜湖区', '3', '0');
INSERT INTO `dr_region` VALUES ('483', '49', '弋江区', '3', '0');
INSERT INTO `dr_region` VALUES ('484', '49', '鸠江区', '3', '0');
INSERT INTO `dr_region` VALUES ('485', '49', '三山区', '3', '0');
INSERT INTO `dr_region` VALUES ('486', '49', '芜湖县', '3', '0');
INSERT INTO `dr_region` VALUES ('487', '49', '繁昌县', '3', '0');
INSERT INTO `dr_region` VALUES ('488', '49', '南陵县', '3', '0');
INSERT INTO `dr_region` VALUES ('489', '50', '宣州区', '3', '0');
INSERT INTO `dr_region` VALUES ('490', '50', '宁国市', '3', '0');
INSERT INTO `dr_region` VALUES ('491', '50', '郎溪县', '3', '0');
INSERT INTO `dr_region` VALUES ('492', '50', '广德县', '3', '0');
INSERT INTO `dr_region` VALUES ('493', '50', '泾县', '3', '0');
INSERT INTO `dr_region` VALUES ('494', '50', '绩溪县', '3', '0');
INSERT INTO `dr_region` VALUES ('495', '50', '旌德县', '3', '0');
INSERT INTO `dr_region` VALUES ('496', '51', '涡阳县', '3', '0');
INSERT INTO `dr_region` VALUES ('497', '51', '蒙城县', '3', '0');
INSERT INTO `dr_region` VALUES ('498', '51', '利辛县', '3', '0');
INSERT INTO `dr_region` VALUES ('499', '51', '谯城区', '3', '0');
INSERT INTO `dr_region` VALUES ('500', '52', '东城区', '3', '0');
INSERT INTO `dr_region` VALUES ('501', '52', '西城区', '3', '0');
INSERT INTO `dr_region` VALUES ('502', '52', '海淀区', '3', '0');
INSERT INTO `dr_region` VALUES ('503', '52', '朝阳区', '3', '0');
INSERT INTO `dr_region` VALUES ('504', '52', '崇文区', '3', '0');
INSERT INTO `dr_region` VALUES ('505', '52', '宣武区', '3', '0');
INSERT INTO `dr_region` VALUES ('506', '52', '丰台区', '3', '0');
INSERT INTO `dr_region` VALUES ('507', '52', '石景山区', '3', '0');
INSERT INTO `dr_region` VALUES ('508', '52', '房山区', '3', '0');
INSERT INTO `dr_region` VALUES ('509', '52', '门头沟区', '3', '0');
INSERT INTO `dr_region` VALUES ('510', '52', '通州区', '3', '0');
INSERT INTO `dr_region` VALUES ('511', '52', '顺义区', '3', '0');
INSERT INTO `dr_region` VALUES ('512', '52', '昌平区', '3', '0');
INSERT INTO `dr_region` VALUES ('513', '52', '怀柔区', '3', '0');
INSERT INTO `dr_region` VALUES ('514', '52', '平谷区', '3', '0');
INSERT INTO `dr_region` VALUES ('515', '52', '大兴区', '3', '0');
INSERT INTO `dr_region` VALUES ('516', '52', '密云县', '3', '0');
INSERT INTO `dr_region` VALUES ('517', '52', '延庆县', '3', '0');
INSERT INTO `dr_region` VALUES ('518', '53', '鼓楼区', '3', '0');
INSERT INTO `dr_region` VALUES ('519', '53', '台江区', '3', '0');
INSERT INTO `dr_region` VALUES ('520', '53', '仓山区', '3', '0');
INSERT INTO `dr_region` VALUES ('521', '53', '马尾区', '3', '0');
INSERT INTO `dr_region` VALUES ('522', '53', '晋安区', '3', '0');
INSERT INTO `dr_region` VALUES ('523', '53', '福清市', '3', '0');
INSERT INTO `dr_region` VALUES ('524', '53', '长乐市', '3', '0');
INSERT INTO `dr_region` VALUES ('525', '53', '闽侯县', '3', '0');
INSERT INTO `dr_region` VALUES ('526', '53', '连江县', '3', '0');
INSERT INTO `dr_region` VALUES ('527', '53', '罗源县', '3', '0');
INSERT INTO `dr_region` VALUES ('528', '53', '闽清县', '3', '0');
INSERT INTO `dr_region` VALUES ('529', '53', '永泰县', '3', '0');
INSERT INTO `dr_region` VALUES ('530', '53', '平潭县', '3', '0');
INSERT INTO `dr_region` VALUES ('531', '54', '新罗区', '3', '0');
INSERT INTO `dr_region` VALUES ('532', '54', '漳平市', '3', '0');
INSERT INTO `dr_region` VALUES ('533', '54', '长汀县', '3', '0');
INSERT INTO `dr_region` VALUES ('534', '54', '永定县', '3', '0');
INSERT INTO `dr_region` VALUES ('535', '54', '上杭县', '3', '0');
INSERT INTO `dr_region` VALUES ('536', '54', '武平县', '3', '0');
INSERT INTO `dr_region` VALUES ('537', '54', '连城县', '3', '0');
INSERT INTO `dr_region` VALUES ('538', '55', '延平区', '3', '0');
INSERT INTO `dr_region` VALUES ('539', '55', '邵武市', '3', '0');
INSERT INTO `dr_region` VALUES ('540', '55', '武夷山市', '3', '0');
INSERT INTO `dr_region` VALUES ('541', '55', '建瓯市', '3', '0');
INSERT INTO `dr_region` VALUES ('542', '55', '建阳市', '3', '0');
INSERT INTO `dr_region` VALUES ('543', '55', '顺昌县', '3', '0');
INSERT INTO `dr_region` VALUES ('544', '55', '浦城县', '3', '0');
INSERT INTO `dr_region` VALUES ('545', '55', '光泽县', '3', '0');
INSERT INTO `dr_region` VALUES ('546', '55', '松溪县', '3', '0');
INSERT INTO `dr_region` VALUES ('547', '55', '政和县', '3', '0');
INSERT INTO `dr_region` VALUES ('548', '56', '蕉城区', '3', '0');
INSERT INTO `dr_region` VALUES ('549', '56', '福安市', '3', '0');
INSERT INTO `dr_region` VALUES ('550', '56', '福鼎市', '3', '0');
INSERT INTO `dr_region` VALUES ('551', '56', '霞浦县', '3', '0');
INSERT INTO `dr_region` VALUES ('552', '56', '古田县', '3', '0');
INSERT INTO `dr_region` VALUES ('553', '56', '屏南县', '3', '0');
INSERT INTO `dr_region` VALUES ('554', '56', '寿宁县', '3', '0');
INSERT INTO `dr_region` VALUES ('555', '56', '周宁县', '3', '0');
INSERT INTO `dr_region` VALUES ('556', '56', '柘荣县', '3', '0');
INSERT INTO `dr_region` VALUES ('557', '57', '城厢区', '3', '0');
INSERT INTO `dr_region` VALUES ('558', '57', '涵江区', '3', '0');
INSERT INTO `dr_region` VALUES ('559', '57', '荔城区', '3', '0');
INSERT INTO `dr_region` VALUES ('560', '57', '秀屿区', '3', '0');
INSERT INTO `dr_region` VALUES ('561', '57', '仙游县', '3', '0');
INSERT INTO `dr_region` VALUES ('562', '58', '鲤城区', '3', '0');
INSERT INTO `dr_region` VALUES ('563', '58', '丰泽区', '3', '0');
INSERT INTO `dr_region` VALUES ('564', '58', '洛江区', '3', '0');
INSERT INTO `dr_region` VALUES ('565', '58', '清濛开发区', '3', '0');
INSERT INTO `dr_region` VALUES ('566', '58', '泉港区', '3', '0');
INSERT INTO `dr_region` VALUES ('567', '58', '石狮市', '3', '0');
INSERT INTO `dr_region` VALUES ('568', '58', '晋江市', '3', '0');
INSERT INTO `dr_region` VALUES ('569', '58', '南安市', '3', '0');
INSERT INTO `dr_region` VALUES ('570', '58', '惠安县', '3', '0');
INSERT INTO `dr_region` VALUES ('571', '58', '安溪县', '3', '0');
INSERT INTO `dr_region` VALUES ('572', '58', '永春县', '3', '0');
INSERT INTO `dr_region` VALUES ('573', '58', '德化县', '3', '0');
INSERT INTO `dr_region` VALUES ('574', '58', '金门县', '3', '0');
INSERT INTO `dr_region` VALUES ('575', '59', '梅列区', '3', '0');
INSERT INTO `dr_region` VALUES ('576', '59', '三元区', '3', '0');
INSERT INTO `dr_region` VALUES ('577', '59', '永安市', '3', '0');
INSERT INTO `dr_region` VALUES ('578', '59', '明溪县', '3', '0');
INSERT INTO `dr_region` VALUES ('579', '59', '清流县', '3', '0');
INSERT INTO `dr_region` VALUES ('580', '59', '宁化县', '3', '0');
INSERT INTO `dr_region` VALUES ('581', '59', '大田县', '3', '0');
INSERT INTO `dr_region` VALUES ('582', '59', '尤溪县', '3', '0');
INSERT INTO `dr_region` VALUES ('583', '59', '沙县', '3', '0');
INSERT INTO `dr_region` VALUES ('584', '59', '将乐县', '3', '0');
INSERT INTO `dr_region` VALUES ('585', '59', '泰宁县', '3', '0');
INSERT INTO `dr_region` VALUES ('586', '59', '建宁县', '3', '0');
INSERT INTO `dr_region` VALUES ('587', '60', '思明区', '3', '0');
INSERT INTO `dr_region` VALUES ('588', '60', '海沧区', '3', '0');
INSERT INTO `dr_region` VALUES ('589', '60', '湖里区', '3', '0');
INSERT INTO `dr_region` VALUES ('590', '60', '集美区', '3', '0');
INSERT INTO `dr_region` VALUES ('591', '60', '同安区', '3', '0');
INSERT INTO `dr_region` VALUES ('592', '60', '翔安区', '3', '0');
INSERT INTO `dr_region` VALUES ('593', '61', '芗城区', '3', '0');
INSERT INTO `dr_region` VALUES ('594', '61', '龙文区', '3', '0');
INSERT INTO `dr_region` VALUES ('595', '61', '龙海市', '3', '0');
INSERT INTO `dr_region` VALUES ('596', '61', '云霄县', '3', '0');
INSERT INTO `dr_region` VALUES ('597', '61', '漳浦县', '3', '0');
INSERT INTO `dr_region` VALUES ('598', '61', '诏安县', '3', '0');
INSERT INTO `dr_region` VALUES ('599', '61', '长泰县', '3', '0');
INSERT INTO `dr_region` VALUES ('600', '61', '东山县', '3', '0');
INSERT INTO `dr_region` VALUES ('601', '61', '南靖县', '3', '0');
INSERT INTO `dr_region` VALUES ('602', '61', '平和县', '3', '0');
INSERT INTO `dr_region` VALUES ('603', '61', '华安县', '3', '0');
INSERT INTO `dr_region` VALUES ('604', '62', '皋兰县', '3', '0');
INSERT INTO `dr_region` VALUES ('605', '62', '城关区', '3', '0');
INSERT INTO `dr_region` VALUES ('606', '62', '七里河区', '3', '0');
INSERT INTO `dr_region` VALUES ('607', '62', '西固区', '3', '0');
INSERT INTO `dr_region` VALUES ('608', '62', '安宁区', '3', '0');
INSERT INTO `dr_region` VALUES ('609', '62', '红古区', '3', '0');
INSERT INTO `dr_region` VALUES ('610', '62', '永登县', '3', '0');
INSERT INTO `dr_region` VALUES ('611', '62', '榆中县', '3', '0');
INSERT INTO `dr_region` VALUES ('612', '63', '白银区', '3', '0');
INSERT INTO `dr_region` VALUES ('613', '63', '平川区', '3', '0');
INSERT INTO `dr_region` VALUES ('614', '63', '会宁县', '3', '0');
INSERT INTO `dr_region` VALUES ('615', '63', '景泰县', '3', '0');
INSERT INTO `dr_region` VALUES ('616', '63', '靖远县', '3', '0');
INSERT INTO `dr_region` VALUES ('617', '64', '临洮县', '3', '0');
INSERT INTO `dr_region` VALUES ('618', '64', '陇西县', '3', '0');
INSERT INTO `dr_region` VALUES ('619', '64', '通渭县', '3', '0');
INSERT INTO `dr_region` VALUES ('620', '64', '渭源县', '3', '0');
INSERT INTO `dr_region` VALUES ('621', '64', '漳县', '3', '0');
INSERT INTO `dr_region` VALUES ('622', '64', '岷县', '3', '0');
INSERT INTO `dr_region` VALUES ('623', '64', '安定区', '3', '0');
INSERT INTO `dr_region` VALUES ('624', '64', '安定区', '3', '0');
INSERT INTO `dr_region` VALUES ('625', '65', '合作市', '3', '0');
INSERT INTO `dr_region` VALUES ('626', '65', '临潭县', '3', '0');
INSERT INTO `dr_region` VALUES ('627', '65', '卓尼县', '3', '0');
INSERT INTO `dr_region` VALUES ('628', '65', '舟曲县', '3', '0');
INSERT INTO `dr_region` VALUES ('629', '65', '迭部县', '3', '0');
INSERT INTO `dr_region` VALUES ('630', '65', '玛曲县', '3', '0');
INSERT INTO `dr_region` VALUES ('631', '65', '碌曲县', '3', '0');
INSERT INTO `dr_region` VALUES ('632', '65', '夏河县', '3', '0');
INSERT INTO `dr_region` VALUES ('633', '66', '嘉峪关市', '3', '0');
INSERT INTO `dr_region` VALUES ('634', '67', '金川区', '3', '0');
INSERT INTO `dr_region` VALUES ('635', '67', '永昌县', '3', '0');
INSERT INTO `dr_region` VALUES ('636', '68', '肃州区', '3', '0');
INSERT INTO `dr_region` VALUES ('637', '68', '玉门市', '3', '0');
INSERT INTO `dr_region` VALUES ('638', '68', '敦煌市', '3', '0');
INSERT INTO `dr_region` VALUES ('639', '68', '金塔县', '3', '0');
INSERT INTO `dr_region` VALUES ('640', '68', '瓜州县', '3', '0');
INSERT INTO `dr_region` VALUES ('641', '68', '肃北', '3', '0');
INSERT INTO `dr_region` VALUES ('642', '68', '阿克塞', '3', '0');
INSERT INTO `dr_region` VALUES ('643', '69', '临夏市', '3', '0');
INSERT INTO `dr_region` VALUES ('644', '69', '临夏县', '3', '0');
INSERT INTO `dr_region` VALUES ('645', '69', '康乐县', '3', '0');
INSERT INTO `dr_region` VALUES ('646', '69', '永靖县', '3', '0');
INSERT INTO `dr_region` VALUES ('647', '69', '广河县', '3', '0');
INSERT INTO `dr_region` VALUES ('648', '69', '和政县', '3', '0');
INSERT INTO `dr_region` VALUES ('649', '69', '东乡族自治县', '3', '0');
INSERT INTO `dr_region` VALUES ('650', '69', '积石山', '3', '0');
INSERT INTO `dr_region` VALUES ('651', '70', '成县', '3', '0');
INSERT INTO `dr_region` VALUES ('652', '70', '徽县', '3', '0');
INSERT INTO `dr_region` VALUES ('653', '70', '康县', '3', '0');
INSERT INTO `dr_region` VALUES ('654', '70', '礼县', '3', '0');
INSERT INTO `dr_region` VALUES ('655', '70', '两当县', '3', '0');
INSERT INTO `dr_region` VALUES ('656', '70', '文县', '3', '0');
INSERT INTO `dr_region` VALUES ('657', '70', '西和县', '3', '0');
INSERT INTO `dr_region` VALUES ('658', '70', '宕昌县', '3', '0');
INSERT INTO `dr_region` VALUES ('659', '70', '武都区', '3', '0');
INSERT INTO `dr_region` VALUES ('660', '71', '崇信县', '3', '0');
INSERT INTO `dr_region` VALUES ('661', '71', '华亭县', '3', '0');
INSERT INTO `dr_region` VALUES ('662', '71', '静宁县', '3', '0');
INSERT INTO `dr_region` VALUES ('663', '71', '灵台县', '3', '0');
INSERT INTO `dr_region` VALUES ('664', '71', '崆峒区', '3', '0');
INSERT INTO `dr_region` VALUES ('665', '71', '庄浪县', '3', '0');
INSERT INTO `dr_region` VALUES ('666', '71', '泾川县', '3', '0');
INSERT INTO `dr_region` VALUES ('667', '72', '合水县', '3', '0');
INSERT INTO `dr_region` VALUES ('668', '72', '华池县', '3', '0');
INSERT INTO `dr_region` VALUES ('669', '72', '环县', '3', '0');
INSERT INTO `dr_region` VALUES ('670', '72', '宁县', '3', '0');
INSERT INTO `dr_region` VALUES ('671', '72', '庆城县', '3', '0');
INSERT INTO `dr_region` VALUES ('672', '72', '西峰区', '3', '0');
INSERT INTO `dr_region` VALUES ('673', '72', '镇原县', '3', '0');
INSERT INTO `dr_region` VALUES ('674', '72', '正宁县', '3', '0');
INSERT INTO `dr_region` VALUES ('675', '73', '甘谷县', '3', '0');
INSERT INTO `dr_region` VALUES ('676', '73', '秦安县', '3', '0');
INSERT INTO `dr_region` VALUES ('677', '73', '清水县', '3', '0');
INSERT INTO `dr_region` VALUES ('678', '73', '秦州区', '3', '0');
INSERT INTO `dr_region` VALUES ('679', '73', '麦积区', '3', '0');
INSERT INTO `dr_region` VALUES ('680', '73', '武山县', '3', '0');
INSERT INTO `dr_region` VALUES ('681', '73', '张家川', '3', '0');
INSERT INTO `dr_region` VALUES ('682', '74', '古浪县', '3', '0');
INSERT INTO `dr_region` VALUES ('683', '74', '民勤县', '3', '0');
INSERT INTO `dr_region` VALUES ('684', '74', '天祝', '3', '0');
INSERT INTO `dr_region` VALUES ('685', '74', '凉州区', '3', '0');
INSERT INTO `dr_region` VALUES ('686', '75', '高台县', '3', '0');
INSERT INTO `dr_region` VALUES ('687', '75', '临泽县', '3', '0');
INSERT INTO `dr_region` VALUES ('688', '75', '民乐县', '3', '0');
INSERT INTO `dr_region` VALUES ('689', '75', '山丹县', '3', '0');
INSERT INTO `dr_region` VALUES ('690', '75', '肃南', '3', '0');
INSERT INTO `dr_region` VALUES ('691', '75', '甘州区', '3', '0');
INSERT INTO `dr_region` VALUES ('692', '76', '从化市', '3', '0');
INSERT INTO `dr_region` VALUES ('693', '76', '天河区', '3', '0');
INSERT INTO `dr_region` VALUES ('694', '76', '东山区', '3', '0');
INSERT INTO `dr_region` VALUES ('695', '76', '白云区', '3', '0');
INSERT INTO `dr_region` VALUES ('696', '76', '海珠区', '3', '0');
INSERT INTO `dr_region` VALUES ('697', '76', '荔湾区', '3', '0');
INSERT INTO `dr_region` VALUES ('698', '76', '越秀区', '3', '0');
INSERT INTO `dr_region` VALUES ('699', '76', '黄埔区', '3', '0');
INSERT INTO `dr_region` VALUES ('700', '76', '番禺区', '3', '0');
INSERT INTO `dr_region` VALUES ('701', '76', '花都区', '3', '0');
INSERT INTO `dr_region` VALUES ('702', '76', '增城区', '3', '0');
INSERT INTO `dr_region` VALUES ('703', '76', '从化区', '3', '0');
INSERT INTO `dr_region` VALUES ('704', '76', '市郊', '3', '0');
INSERT INTO `dr_region` VALUES ('705', '77', '福田区', '3', '0');
INSERT INTO `dr_region` VALUES ('706', '77', '罗湖区', '3', '0');
INSERT INTO `dr_region` VALUES ('707', '77', '南山区', '3', '0');
INSERT INTO `dr_region` VALUES ('708', '77', '宝安区', '3', '0');
INSERT INTO `dr_region` VALUES ('709', '77', '龙岗区', '3', '0');
INSERT INTO `dr_region` VALUES ('710', '77', '盐田区', '3', '0');
INSERT INTO `dr_region` VALUES ('711', '78', '湘桥区', '3', '0');
INSERT INTO `dr_region` VALUES ('712', '78', '潮安县', '3', '0');
INSERT INTO `dr_region` VALUES ('713', '78', '饶平县', '3', '0');
INSERT INTO `dr_region` VALUES ('714', '79', '南城区', '3', '0');
INSERT INTO `dr_region` VALUES ('715', '79', '东城区', '3', '0');
INSERT INTO `dr_region` VALUES ('716', '79', '万江区', '3', '0');
INSERT INTO `dr_region` VALUES ('717', '79', '莞城区', '3', '0');
INSERT INTO `dr_region` VALUES ('718', '79', '石龙镇', '3', '0');
INSERT INTO `dr_region` VALUES ('719', '79', '虎门镇', '3', '0');
INSERT INTO `dr_region` VALUES ('720', '79', '麻涌镇', '3', '0');
INSERT INTO `dr_region` VALUES ('721', '79', '道滘镇', '3', '0');
INSERT INTO `dr_region` VALUES ('722', '79', '石碣镇', '3', '0');
INSERT INTO `dr_region` VALUES ('723', '79', '沙田镇', '3', '0');
INSERT INTO `dr_region` VALUES ('724', '79', '望牛墩镇', '3', '0');
INSERT INTO `dr_region` VALUES ('725', '79', '洪梅镇', '3', '0');
INSERT INTO `dr_region` VALUES ('726', '79', '茶山镇', '3', '0');
INSERT INTO `dr_region` VALUES ('727', '79', '寮步镇', '3', '0');
INSERT INTO `dr_region` VALUES ('728', '79', '大岭山镇', '3', '0');
INSERT INTO `dr_region` VALUES ('729', '79', '大朗镇', '3', '0');
INSERT INTO `dr_region` VALUES ('730', '79', '黄江镇', '3', '0');
INSERT INTO `dr_region` VALUES ('731', '79', '樟木头', '3', '0');
INSERT INTO `dr_region` VALUES ('732', '79', '凤岗镇', '3', '0');
INSERT INTO `dr_region` VALUES ('733', '79', '塘厦镇', '3', '0');
INSERT INTO `dr_region` VALUES ('734', '79', '谢岗镇', '3', '0');
INSERT INTO `dr_region` VALUES ('735', '79', '厚街镇', '3', '0');
INSERT INTO `dr_region` VALUES ('736', '79', '清溪镇', '3', '0');
INSERT INTO `dr_region` VALUES ('737', '79', '常平镇', '3', '0');
INSERT INTO `dr_region` VALUES ('738', '79', '桥头镇', '3', '0');
INSERT INTO `dr_region` VALUES ('739', '79', '横沥镇', '3', '0');
INSERT INTO `dr_region` VALUES ('740', '79', '东坑镇', '3', '0');
INSERT INTO `dr_region` VALUES ('741', '79', '企石镇', '3', '0');
INSERT INTO `dr_region` VALUES ('742', '79', '石排镇', '3', '0');
INSERT INTO `dr_region` VALUES ('743', '79', '长安镇', '3', '0');
INSERT INTO `dr_region` VALUES ('744', '79', '中堂镇', '3', '0');
INSERT INTO `dr_region` VALUES ('745', '79', '高埗镇', '3', '0');
INSERT INTO `dr_region` VALUES ('746', '80', '禅城区', '3', '0');
INSERT INTO `dr_region` VALUES ('747', '80', '南海区', '3', '0');
INSERT INTO `dr_region` VALUES ('748', '80', '顺德区', '3', '0');
INSERT INTO `dr_region` VALUES ('749', '80', '三水区', '3', '0');
INSERT INTO `dr_region` VALUES ('750', '80', '高明区', '3', '0');
INSERT INTO `dr_region` VALUES ('751', '81', '东源县', '3', '0');
INSERT INTO `dr_region` VALUES ('752', '81', '和平县', '3', '0');
INSERT INTO `dr_region` VALUES ('753', '81', '源城区', '3', '0');
INSERT INTO `dr_region` VALUES ('754', '81', '连平县', '3', '0');
INSERT INTO `dr_region` VALUES ('755', '81', '龙川县', '3', '0');
INSERT INTO `dr_region` VALUES ('756', '81', '紫金县', '3', '0');
INSERT INTO `dr_region` VALUES ('757', '82', '惠阳区', '3', '0');
INSERT INTO `dr_region` VALUES ('758', '82', '惠城区', '3', '0');
INSERT INTO `dr_region` VALUES ('759', '82', '大亚湾', '3', '0');
INSERT INTO `dr_region` VALUES ('760', '82', '博罗县', '3', '0');
INSERT INTO `dr_region` VALUES ('761', '82', '惠东县', '3', '0');
INSERT INTO `dr_region` VALUES ('762', '82', '龙门县', '3', '0');
INSERT INTO `dr_region` VALUES ('763', '83', '江海区', '3', '0');
INSERT INTO `dr_region` VALUES ('764', '83', '蓬江区', '3', '0');
INSERT INTO `dr_region` VALUES ('765', '83', '新会区', '3', '0');
INSERT INTO `dr_region` VALUES ('766', '83', '台山市', '3', '0');
INSERT INTO `dr_region` VALUES ('767', '83', '开平市', '3', '0');
INSERT INTO `dr_region` VALUES ('768', '83', '鹤山市', '3', '0');
INSERT INTO `dr_region` VALUES ('769', '83', '恩平市', '3', '0');
INSERT INTO `dr_region` VALUES ('770', '84', '榕城区', '3', '0');
INSERT INTO `dr_region` VALUES ('771', '84', '普宁市', '3', '0');
INSERT INTO `dr_region` VALUES ('772', '84', '揭东县', '3', '0');
INSERT INTO `dr_region` VALUES ('773', '84', '揭西县', '3', '0');
INSERT INTO `dr_region` VALUES ('774', '84', '惠来县', '3', '0');
INSERT INTO `dr_region` VALUES ('775', '85', '茂南区', '3', '0');
INSERT INTO `dr_region` VALUES ('776', '85', '茂港区', '3', '0');
INSERT INTO `dr_region` VALUES ('777', '85', '高州市', '3', '0');
INSERT INTO `dr_region` VALUES ('778', '85', '化州市', '3', '0');
INSERT INTO `dr_region` VALUES ('779', '85', '信宜市', '3', '0');
INSERT INTO `dr_region` VALUES ('780', '85', '电白县', '3', '0');
INSERT INTO `dr_region` VALUES ('781', '86', '梅县', '3', '0');
INSERT INTO `dr_region` VALUES ('782', '86', '梅江区', '3', '0');
INSERT INTO `dr_region` VALUES ('783', '86', '兴宁市', '3', '0');
INSERT INTO `dr_region` VALUES ('784', '86', '大埔县', '3', '0');
INSERT INTO `dr_region` VALUES ('785', '86', '丰顺县', '3', '0');
INSERT INTO `dr_region` VALUES ('786', '86', '五华县', '3', '0');
INSERT INTO `dr_region` VALUES ('787', '86', '平远县', '3', '0');
INSERT INTO `dr_region` VALUES ('788', '86', '蕉岭县', '3', '0');
INSERT INTO `dr_region` VALUES ('789', '87', '清城区', '3', '0');
INSERT INTO `dr_region` VALUES ('790', '87', '英德市', '3', '0');
INSERT INTO `dr_region` VALUES ('791', '87', '连州市', '3', '0');
INSERT INTO `dr_region` VALUES ('792', '87', '佛冈县', '3', '0');
INSERT INTO `dr_region` VALUES ('793', '87', '阳山县', '3', '0');
INSERT INTO `dr_region` VALUES ('794', '87', '清新县', '3', '0');
INSERT INTO `dr_region` VALUES ('795', '87', '连山', '3', '0');
INSERT INTO `dr_region` VALUES ('796', '87', '连南', '3', '0');
INSERT INTO `dr_region` VALUES ('797', '88', '南澳县', '3', '0');
INSERT INTO `dr_region` VALUES ('798', '88', '潮阳区', '3', '0');
INSERT INTO `dr_region` VALUES ('799', '88', '澄海区', '3', '0');
INSERT INTO `dr_region` VALUES ('800', '88', '龙湖区', '3', '0');
INSERT INTO `dr_region` VALUES ('801', '88', '金平区', '3', '0');
INSERT INTO `dr_region` VALUES ('802', '88', '濠江区', '3', '0');
INSERT INTO `dr_region` VALUES ('803', '88', '潮南区', '3', '0');
INSERT INTO `dr_region` VALUES ('804', '89', '城区', '3', '0');
INSERT INTO `dr_region` VALUES ('805', '89', '陆丰市', '3', '0');
INSERT INTO `dr_region` VALUES ('806', '89', '海丰县', '3', '0');
INSERT INTO `dr_region` VALUES ('807', '89', '陆河县', '3', '0');
INSERT INTO `dr_region` VALUES ('808', '90', '曲江县', '3', '0');
INSERT INTO `dr_region` VALUES ('809', '90', '浈江区', '3', '0');
INSERT INTO `dr_region` VALUES ('810', '90', '武江区', '3', '0');
INSERT INTO `dr_region` VALUES ('811', '90', '曲江区', '3', '0');
INSERT INTO `dr_region` VALUES ('812', '90', '乐昌市', '3', '0');
INSERT INTO `dr_region` VALUES ('813', '90', '南雄市', '3', '0');
INSERT INTO `dr_region` VALUES ('814', '90', '始兴县', '3', '0');
INSERT INTO `dr_region` VALUES ('815', '90', '仁化县', '3', '0');
INSERT INTO `dr_region` VALUES ('816', '90', '翁源县', '3', '0');
INSERT INTO `dr_region` VALUES ('817', '90', '新丰县', '3', '0');
INSERT INTO `dr_region` VALUES ('818', '90', '乳源', '3', '0');
INSERT INTO `dr_region` VALUES ('819', '91', '江城区', '3', '0');
INSERT INTO `dr_region` VALUES ('820', '91', '阳春市', '3', '0');
INSERT INTO `dr_region` VALUES ('821', '91', '阳西县', '3', '0');
INSERT INTO `dr_region` VALUES ('822', '91', '阳东县', '3', '0');
INSERT INTO `dr_region` VALUES ('823', '92', '云城区', '3', '0');
INSERT INTO `dr_region` VALUES ('824', '92', '罗定市', '3', '0');
INSERT INTO `dr_region` VALUES ('825', '92', '新兴县', '3', '0');
INSERT INTO `dr_region` VALUES ('826', '92', '郁南县', '3', '0');
INSERT INTO `dr_region` VALUES ('827', '92', '云安县', '3', '0');
INSERT INTO `dr_region` VALUES ('828', '93', '赤坎区', '3', '0');
INSERT INTO `dr_region` VALUES ('829', '93', '霞山区', '3', '0');
INSERT INTO `dr_region` VALUES ('830', '93', '坡头区', '3', '0');
INSERT INTO `dr_region` VALUES ('831', '93', '麻章区', '3', '0');
INSERT INTO `dr_region` VALUES ('832', '93', '廉江市', '3', '0');
INSERT INTO `dr_region` VALUES ('833', '93', '雷州市', '3', '0');
INSERT INTO `dr_region` VALUES ('834', '93', '吴川市', '3', '0');
INSERT INTO `dr_region` VALUES ('835', '93', '遂溪县', '3', '0');
INSERT INTO `dr_region` VALUES ('836', '93', '徐闻县', '3', '0');
INSERT INTO `dr_region` VALUES ('837', '94', '肇庆市', '3', '0');
INSERT INTO `dr_region` VALUES ('838', '94', '高要市', '3', '0');
INSERT INTO `dr_region` VALUES ('839', '94', '四会市', '3', '0');
INSERT INTO `dr_region` VALUES ('840', '94', '广宁县', '3', '0');
INSERT INTO `dr_region` VALUES ('841', '94', '怀集县', '3', '0');
INSERT INTO `dr_region` VALUES ('842', '94', '封开县', '3', '0');
INSERT INTO `dr_region` VALUES ('843', '94', '德庆县', '3', '0');
INSERT INTO `dr_region` VALUES ('844', '95', '石岐街道', '3', '0');
INSERT INTO `dr_region` VALUES ('845', '95', '东区街道', '3', '0');
INSERT INTO `dr_region` VALUES ('846', '95', '西区街道', '3', '0');
INSERT INTO `dr_region` VALUES ('847', '95', '环城街道', '3', '0');
INSERT INTO `dr_region` VALUES ('848', '95', '中山港街道', '3', '0');
INSERT INTO `dr_region` VALUES ('849', '95', '五桂山街道', '3', '0');
INSERT INTO `dr_region` VALUES ('850', '96', '香洲区', '3', '0');
INSERT INTO `dr_region` VALUES ('851', '96', '斗门区', '3', '0');
INSERT INTO `dr_region` VALUES ('852', '96', '金湾区', '3', '0');
INSERT INTO `dr_region` VALUES ('853', '97', '邕宁区', '3', '0');
INSERT INTO `dr_region` VALUES ('854', '97', '青秀区', '3', '0');
INSERT INTO `dr_region` VALUES ('855', '97', '兴宁区', '3', '0');
INSERT INTO `dr_region` VALUES ('856', '97', '良庆区', '3', '0');
INSERT INTO `dr_region` VALUES ('857', '97', '西乡塘区', '3', '0');
INSERT INTO `dr_region` VALUES ('858', '97', '江南区', '3', '0');
INSERT INTO `dr_region` VALUES ('859', '97', '武鸣县', '3', '0');
INSERT INTO `dr_region` VALUES ('860', '97', '隆安县', '3', '0');
INSERT INTO `dr_region` VALUES ('861', '97', '马山县', '3', '0');
INSERT INTO `dr_region` VALUES ('862', '97', '上林县', '3', '0');
INSERT INTO `dr_region` VALUES ('863', '97', '宾阳县', '3', '0');
INSERT INTO `dr_region` VALUES ('864', '97', '横县', '3', '0');
INSERT INTO `dr_region` VALUES ('865', '98', '秀峰区', '3', '0');
INSERT INTO `dr_region` VALUES ('866', '98', '叠彩区', '3', '0');
INSERT INTO `dr_region` VALUES ('867', '98', '象山区', '3', '0');
INSERT INTO `dr_region` VALUES ('868', '98', '七星区', '3', '0');
INSERT INTO `dr_region` VALUES ('869', '98', '雁山区', '3', '0');
INSERT INTO `dr_region` VALUES ('870', '98', '阳朔县', '3', '0');
INSERT INTO `dr_region` VALUES ('871', '98', '临桂县', '3', '0');
INSERT INTO `dr_region` VALUES ('872', '98', '灵川县', '3', '0');
INSERT INTO `dr_region` VALUES ('873', '98', '全州县', '3', '0');
INSERT INTO `dr_region` VALUES ('874', '98', '平乐县', '3', '0');
INSERT INTO `dr_region` VALUES ('875', '98', '兴安县', '3', '0');
INSERT INTO `dr_region` VALUES ('876', '98', '灌阳县', '3', '0');
INSERT INTO `dr_region` VALUES ('877', '98', '荔浦县', '3', '0');
INSERT INTO `dr_region` VALUES ('878', '98', '资源县', '3', '0');
INSERT INTO `dr_region` VALUES ('879', '98', '永福县', '3', '0');
INSERT INTO `dr_region` VALUES ('880', '98', '龙胜', '3', '0');
INSERT INTO `dr_region` VALUES ('881', '98', '恭城', '3', '0');
INSERT INTO `dr_region` VALUES ('882', '99', '右江区', '3', '0');
INSERT INTO `dr_region` VALUES ('883', '99', '凌云县', '3', '0');
INSERT INTO `dr_region` VALUES ('884', '99', '平果县', '3', '0');
INSERT INTO `dr_region` VALUES ('885', '99', '西林县', '3', '0');
INSERT INTO `dr_region` VALUES ('886', '99', '乐业县', '3', '0');
INSERT INTO `dr_region` VALUES ('887', '99', '德保县', '3', '0');
INSERT INTO `dr_region` VALUES ('888', '99', '田林县', '3', '0');
INSERT INTO `dr_region` VALUES ('889', '99', '田阳县', '3', '0');
INSERT INTO `dr_region` VALUES ('890', '99', '靖西县', '3', '0');
INSERT INTO `dr_region` VALUES ('891', '99', '田东县', '3', '0');
INSERT INTO `dr_region` VALUES ('892', '99', '那坡县', '3', '0');
INSERT INTO `dr_region` VALUES ('893', '99', '隆林', '3', '0');
INSERT INTO `dr_region` VALUES ('894', '100', '海城区', '3', '0');
INSERT INTO `dr_region` VALUES ('895', '100', '银海区', '3', '0');
INSERT INTO `dr_region` VALUES ('896', '100', '铁山港区', '3', '0');
INSERT INTO `dr_region` VALUES ('897', '100', '合浦县', '3', '0');
INSERT INTO `dr_region` VALUES ('898', '101', '江州区', '3', '0');
INSERT INTO `dr_region` VALUES ('899', '101', '凭祥市', '3', '0');
INSERT INTO `dr_region` VALUES ('900', '101', '宁明县', '3', '0');
INSERT INTO `dr_region` VALUES ('901', '101', '扶绥县', '3', '0');
INSERT INTO `dr_region` VALUES ('902', '101', '龙州县', '3', '0');
INSERT INTO `dr_region` VALUES ('903', '101', '大新县', '3', '0');
INSERT INTO `dr_region` VALUES ('904', '101', '天等县', '3', '0');
INSERT INTO `dr_region` VALUES ('905', '102', '港口区', '3', '0');
INSERT INTO `dr_region` VALUES ('906', '102', '防城区', '3', '0');
INSERT INTO `dr_region` VALUES ('907', '102', '东兴市', '3', '0');
INSERT INTO `dr_region` VALUES ('908', '102', '上思县', '3', '0');
INSERT INTO `dr_region` VALUES ('909', '103', '港北区', '3', '0');
INSERT INTO `dr_region` VALUES ('910', '103', '港南区', '3', '0');
INSERT INTO `dr_region` VALUES ('911', '103', '覃塘区', '3', '0');
INSERT INTO `dr_region` VALUES ('912', '103', '桂平市', '3', '0');
INSERT INTO `dr_region` VALUES ('913', '103', '平南县', '3', '0');
INSERT INTO `dr_region` VALUES ('914', '104', '金城江区', '3', '0');
INSERT INTO `dr_region` VALUES ('915', '104', '宜州市', '3', '0');
INSERT INTO `dr_region` VALUES ('916', '104', '天峨县', '3', '0');
INSERT INTO `dr_region` VALUES ('917', '104', '凤山县', '3', '0');
INSERT INTO `dr_region` VALUES ('918', '104', '南丹县', '3', '0');
INSERT INTO `dr_region` VALUES ('919', '104', '东兰县', '3', '0');
INSERT INTO `dr_region` VALUES ('920', '104', '都安', '3', '0');
INSERT INTO `dr_region` VALUES ('921', '104', '罗城', '3', '0');
INSERT INTO `dr_region` VALUES ('922', '104', '巴马', '3', '0');
INSERT INTO `dr_region` VALUES ('923', '104', '环江', '3', '0');
INSERT INTO `dr_region` VALUES ('924', '104', '大化', '3', '0');
INSERT INTO `dr_region` VALUES ('925', '105', '八步区', '3', '0');
INSERT INTO `dr_region` VALUES ('926', '105', '钟山县', '3', '0');
INSERT INTO `dr_region` VALUES ('927', '105', '昭平县', '3', '0');
INSERT INTO `dr_region` VALUES ('928', '105', '富川', '3', '0');
INSERT INTO `dr_region` VALUES ('929', '106', '兴宾区', '3', '0');
INSERT INTO `dr_region` VALUES ('930', '106', '合山市', '3', '0');
INSERT INTO `dr_region` VALUES ('931', '106', '象州县', '3', '0');
INSERT INTO `dr_region` VALUES ('932', '106', '武宣县', '3', '0');
INSERT INTO `dr_region` VALUES ('933', '106', '忻城县', '3', '0');
INSERT INTO `dr_region` VALUES ('934', '106', '金秀', '3', '0');
INSERT INTO `dr_region` VALUES ('935', '107', '城中区', '3', '0');
INSERT INTO `dr_region` VALUES ('936', '107', '鱼峰区', '3', '0');
INSERT INTO `dr_region` VALUES ('937', '107', '柳北区', '3', '0');
INSERT INTO `dr_region` VALUES ('938', '107', '柳南区', '3', '0');
INSERT INTO `dr_region` VALUES ('939', '107', '柳江县', '3', '0');
INSERT INTO `dr_region` VALUES ('940', '107', '柳城县', '3', '0');
INSERT INTO `dr_region` VALUES ('941', '107', '鹿寨县', '3', '0');
INSERT INTO `dr_region` VALUES ('942', '107', '融安县', '3', '0');
INSERT INTO `dr_region` VALUES ('943', '107', '融水', '3', '0');
INSERT INTO `dr_region` VALUES ('944', '107', '三江', '3', '0');
INSERT INTO `dr_region` VALUES ('945', '108', '钦南区', '3', '0');
INSERT INTO `dr_region` VALUES ('946', '108', '钦北区', '3', '0');
INSERT INTO `dr_region` VALUES ('947', '108', '灵山县', '3', '0');
INSERT INTO `dr_region` VALUES ('948', '108', '浦北县', '3', '0');
INSERT INTO `dr_region` VALUES ('949', '109', '万秀区', '3', '0');
INSERT INTO `dr_region` VALUES ('950', '109', '蝶山区', '3', '0');
INSERT INTO `dr_region` VALUES ('951', '109', '长洲区', '3', '0');
INSERT INTO `dr_region` VALUES ('952', '109', '岑溪市', '3', '0');
INSERT INTO `dr_region` VALUES ('953', '109', '苍梧县', '3', '0');
INSERT INTO `dr_region` VALUES ('954', '109', '藤县', '3', '0');
INSERT INTO `dr_region` VALUES ('955', '109', '蒙山县', '3', '0');
INSERT INTO `dr_region` VALUES ('956', '110', '玉州区', '3', '0');
INSERT INTO `dr_region` VALUES ('957', '110', '北流市', '3', '0');
INSERT INTO `dr_region` VALUES ('958', '110', '容县', '3', '0');
INSERT INTO `dr_region` VALUES ('959', '110', '陆川县', '3', '0');
INSERT INTO `dr_region` VALUES ('960', '110', '博白县', '3', '0');
INSERT INTO `dr_region` VALUES ('961', '110', '兴业县', '3', '0');
INSERT INTO `dr_region` VALUES ('962', '111', '南明区', '3', '0');
INSERT INTO `dr_region` VALUES ('963', '111', '云岩区', '3', '0');
INSERT INTO `dr_region` VALUES ('964', '111', '花溪区', '3', '0');
INSERT INTO `dr_region` VALUES ('965', '111', '乌当区', '3', '0');
INSERT INTO `dr_region` VALUES ('966', '111', '白云区', '3', '0');
INSERT INTO `dr_region` VALUES ('967', '111', '小河区', '3', '0');
INSERT INTO `dr_region` VALUES ('968', '111', '金阳新区', '3', '0');
INSERT INTO `dr_region` VALUES ('969', '111', '新天园区', '3', '0');
INSERT INTO `dr_region` VALUES ('970', '111', '清镇市', '3', '0');
INSERT INTO `dr_region` VALUES ('971', '111', '开阳县', '3', '0');
INSERT INTO `dr_region` VALUES ('972', '111', '修文县', '3', '0');
INSERT INTO `dr_region` VALUES ('973', '111', '息烽县', '3', '0');
INSERT INTO `dr_region` VALUES ('974', '112', '西秀区', '3', '0');
INSERT INTO `dr_region` VALUES ('975', '112', '关岭', '3', '0');
INSERT INTO `dr_region` VALUES ('976', '112', '镇宁', '3', '0');
INSERT INTO `dr_region` VALUES ('977', '112', '紫云', '3', '0');
INSERT INTO `dr_region` VALUES ('978', '112', '平坝县', '3', '0');
INSERT INTO `dr_region` VALUES ('979', '112', '普定县', '3', '0');
INSERT INTO `dr_region` VALUES ('980', '113', '毕节市', '3', '0');
INSERT INTO `dr_region` VALUES ('981', '113', '大方县', '3', '0');
INSERT INTO `dr_region` VALUES ('982', '113', '黔西县', '3', '0');
INSERT INTO `dr_region` VALUES ('983', '113', '金沙县', '3', '0');
INSERT INTO `dr_region` VALUES ('984', '113', '织金县', '3', '0');
INSERT INTO `dr_region` VALUES ('985', '113', '纳雍县', '3', '0');
INSERT INTO `dr_region` VALUES ('986', '113', '赫章县', '3', '0');
INSERT INTO `dr_region` VALUES ('987', '113', '威宁', '3', '0');
INSERT INTO `dr_region` VALUES ('988', '114', '钟山区', '3', '0');
INSERT INTO `dr_region` VALUES ('989', '114', '六枝特区', '3', '0');
INSERT INTO `dr_region` VALUES ('990', '114', '水城县', '3', '0');
INSERT INTO `dr_region` VALUES ('991', '114', '盘县', '3', '0');
INSERT INTO `dr_region` VALUES ('992', '115', '凯里市', '3', '0');
INSERT INTO `dr_region` VALUES ('993', '115', '黄平县', '3', '0');
INSERT INTO `dr_region` VALUES ('994', '115', '施秉县', '3', '0');
INSERT INTO `dr_region` VALUES ('995', '115', '三穗县', '3', '0');
INSERT INTO `dr_region` VALUES ('996', '115', '镇远县', '3', '0');
INSERT INTO `dr_region` VALUES ('997', '115', '岑巩县', '3', '0');
INSERT INTO `dr_region` VALUES ('998', '115', '天柱县', '3', '0');
INSERT INTO `dr_region` VALUES ('999', '115', '锦屏县', '3', '0');
INSERT INTO `dr_region` VALUES ('1000', '115', '剑河县', '3', '0');
INSERT INTO `dr_region` VALUES ('1001', '115', '台江县', '3', '0');
INSERT INTO `dr_region` VALUES ('1002', '115', '黎平县', '3', '0');
INSERT INTO `dr_region` VALUES ('1003', '115', '榕江县', '3', '0');
INSERT INTO `dr_region` VALUES ('1004', '115', '从江县', '3', '0');
INSERT INTO `dr_region` VALUES ('1005', '115', '雷山县', '3', '0');
INSERT INTO `dr_region` VALUES ('1006', '115', '麻江县', '3', '0');
INSERT INTO `dr_region` VALUES ('1007', '115', '丹寨县', '3', '0');
INSERT INTO `dr_region` VALUES ('1008', '116', '都匀市', '3', '0');
INSERT INTO `dr_region` VALUES ('1009', '116', '福泉市', '3', '0');
INSERT INTO `dr_region` VALUES ('1010', '116', '荔波县', '3', '0');
INSERT INTO `dr_region` VALUES ('1011', '116', '贵定县', '3', '0');
INSERT INTO `dr_region` VALUES ('1012', '116', '瓮安县', '3', '0');
INSERT INTO `dr_region` VALUES ('1013', '116', '独山县', '3', '0');
INSERT INTO `dr_region` VALUES ('1014', '116', '平塘县', '3', '0');
INSERT INTO `dr_region` VALUES ('1015', '116', '罗甸县', '3', '0');
INSERT INTO `dr_region` VALUES ('1016', '116', '长顺县', '3', '0');
INSERT INTO `dr_region` VALUES ('1017', '116', '龙里县', '3', '0');
INSERT INTO `dr_region` VALUES ('1018', '116', '惠水县', '3', '0');
INSERT INTO `dr_region` VALUES ('1019', '116', '三都', '3', '0');
INSERT INTO `dr_region` VALUES ('1020', '117', '兴义市', '3', '0');
INSERT INTO `dr_region` VALUES ('1021', '117', '兴仁县', '3', '0');
INSERT INTO `dr_region` VALUES ('1022', '117', '普安县', '3', '0');
INSERT INTO `dr_region` VALUES ('1023', '117', '晴隆县', '3', '0');
INSERT INTO `dr_region` VALUES ('1024', '117', '贞丰县', '3', '0');
INSERT INTO `dr_region` VALUES ('1025', '117', '望谟县', '3', '0');
INSERT INTO `dr_region` VALUES ('1026', '117', '册亨县', '3', '0');
INSERT INTO `dr_region` VALUES ('1027', '117', '安龙县', '3', '0');
INSERT INTO `dr_region` VALUES ('1028', '118', '铜仁市', '3', '0');
INSERT INTO `dr_region` VALUES ('1029', '118', '江口县', '3', '0');
INSERT INTO `dr_region` VALUES ('1030', '118', '石阡县', '3', '0');
INSERT INTO `dr_region` VALUES ('1031', '118', '思南县', '3', '0');
INSERT INTO `dr_region` VALUES ('1032', '118', '德江县', '3', '0');
INSERT INTO `dr_region` VALUES ('1033', '118', '玉屏', '3', '0');
INSERT INTO `dr_region` VALUES ('1034', '118', '印江', '3', '0');
INSERT INTO `dr_region` VALUES ('1035', '118', '沿河', '3', '0');
INSERT INTO `dr_region` VALUES ('1036', '118', '松桃', '3', '0');
INSERT INTO `dr_region` VALUES ('1037', '118', '万山特区', '3', '0');
INSERT INTO `dr_region` VALUES ('1038', '119', '红花岗区', '3', '0');
INSERT INTO `dr_region` VALUES ('1039', '119', '务川县', '3', '0');
INSERT INTO `dr_region` VALUES ('1040', '119', '道真县', '3', '0');
INSERT INTO `dr_region` VALUES ('1041', '119', '汇川区', '3', '0');
INSERT INTO `dr_region` VALUES ('1042', '119', '赤水市', '3', '0');
INSERT INTO `dr_region` VALUES ('1043', '119', '仁怀市', '3', '0');
INSERT INTO `dr_region` VALUES ('1044', '119', '遵义县', '3', '0');
INSERT INTO `dr_region` VALUES ('1045', '119', '桐梓县', '3', '0');
INSERT INTO `dr_region` VALUES ('1046', '119', '绥阳县', '3', '0');
INSERT INTO `dr_region` VALUES ('1047', '119', '正安县', '3', '0');
INSERT INTO `dr_region` VALUES ('1048', '119', '凤冈县', '3', '0');
INSERT INTO `dr_region` VALUES ('1049', '119', '湄潭县', '3', '0');
INSERT INTO `dr_region` VALUES ('1050', '119', '余庆县', '3', '0');
INSERT INTO `dr_region` VALUES ('1051', '119', '习水县', '3', '0');
INSERT INTO `dr_region` VALUES ('1052', '119', '道真', '3', '0');
INSERT INTO `dr_region` VALUES ('1053', '119', '务川', '3', '0');
INSERT INTO `dr_region` VALUES ('1054', '120', '秀英区', '3', '0');
INSERT INTO `dr_region` VALUES ('1055', '120', '龙华区', '3', '0');
INSERT INTO `dr_region` VALUES ('1056', '120', '琼山区', '3', '0');
INSERT INTO `dr_region` VALUES ('1057', '120', '美兰区', '3', '0');
INSERT INTO `dr_region` VALUES ('1058', '137', '市区', '3', '0');
INSERT INTO `dr_region` VALUES ('1059', '137', '洋浦开发区', '3', '0');
INSERT INTO `dr_region` VALUES ('1060', '137', '那大镇', '3', '0');
INSERT INTO `dr_region` VALUES ('1061', '137', '王五镇', '3', '0');
INSERT INTO `dr_region` VALUES ('1062', '137', '雅星镇', '3', '0');
INSERT INTO `dr_region` VALUES ('1063', '137', '大成镇', '3', '0');
INSERT INTO `dr_region` VALUES ('1064', '137', '中和镇', '3', '0');
INSERT INTO `dr_region` VALUES ('1065', '137', '峨蔓镇', '3', '0');
INSERT INTO `dr_region` VALUES ('1066', '137', '南丰镇', '3', '0');
INSERT INTO `dr_region` VALUES ('1067', '137', '白马井镇', '3', '0');
INSERT INTO `dr_region` VALUES ('1068', '137', '兰洋镇', '3', '0');
INSERT INTO `dr_region` VALUES ('1069', '137', '和庆镇', '3', '0');
INSERT INTO `dr_region` VALUES ('1070', '137', '海头镇', '3', '0');
INSERT INTO `dr_region` VALUES ('1071', '137', '排浦镇', '3', '0');
INSERT INTO `dr_region` VALUES ('1072', '137', '东成镇', '3', '0');
INSERT INTO `dr_region` VALUES ('1073', '137', '光村镇', '3', '0');
INSERT INTO `dr_region` VALUES ('1074', '137', '木棠镇', '3', '0');
INSERT INTO `dr_region` VALUES ('1075', '137', '新州镇', '3', '0');
INSERT INTO `dr_region` VALUES ('1076', '137', '三都镇', '3', '0');
INSERT INTO `dr_region` VALUES ('1077', '137', '其他', '3', '0');
INSERT INTO `dr_region` VALUES ('1078', '138', '长安区', '3', '0');
INSERT INTO `dr_region` VALUES ('1079', '138', '桥东区', '3', '0');
INSERT INTO `dr_region` VALUES ('1080', '138', '桥西区', '3', '0');
INSERT INTO `dr_region` VALUES ('1081', '138', '新华区', '3', '0');
INSERT INTO `dr_region` VALUES ('1082', '138', '裕华区', '3', '0');
INSERT INTO `dr_region` VALUES ('1083', '138', '井陉矿区', '3', '0');
INSERT INTO `dr_region` VALUES ('1084', '138', '高新区', '3', '0');
INSERT INTO `dr_region` VALUES ('1085', '138', '辛集市', '3', '0');
INSERT INTO `dr_region` VALUES ('1086', '138', '藁城市', '3', '0');
INSERT INTO `dr_region` VALUES ('1087', '138', '晋州市', '3', '0');
INSERT INTO `dr_region` VALUES ('1088', '138', '新乐市', '3', '0');
INSERT INTO `dr_region` VALUES ('1089', '138', '鹿泉市', '3', '0');
INSERT INTO `dr_region` VALUES ('1090', '138', '井陉县', '3', '0');
INSERT INTO `dr_region` VALUES ('1091', '138', '正定县', '3', '0');
INSERT INTO `dr_region` VALUES ('1092', '138', '栾城县', '3', '0');
INSERT INTO `dr_region` VALUES ('1093', '138', '行唐县', '3', '0');
INSERT INTO `dr_region` VALUES ('1094', '138', '灵寿县', '3', '0');
INSERT INTO `dr_region` VALUES ('1095', '138', '高邑县', '3', '0');
INSERT INTO `dr_region` VALUES ('1096', '138', '深泽县', '3', '0');
INSERT INTO `dr_region` VALUES ('1097', '138', '赞皇县', '3', '0');
INSERT INTO `dr_region` VALUES ('1098', '138', '无极县', '3', '0');
INSERT INTO `dr_region` VALUES ('1099', '138', '平山县', '3', '0');
INSERT INTO `dr_region` VALUES ('1100', '138', '元氏县', '3', '0');
INSERT INTO `dr_region` VALUES ('1101', '138', '赵县', '3', '0');
INSERT INTO `dr_region` VALUES ('1102', '139', '新市区', '3', '0');
INSERT INTO `dr_region` VALUES ('1103', '139', '南市区', '3', '0');
INSERT INTO `dr_region` VALUES ('1104', '139', '北市区', '3', '0');
INSERT INTO `dr_region` VALUES ('1105', '139', '涿州市', '3', '0');
INSERT INTO `dr_region` VALUES ('1106', '139', '定州市', '3', '0');
INSERT INTO `dr_region` VALUES ('1107', '139', '安国市', '3', '0');
INSERT INTO `dr_region` VALUES ('1108', '139', '高碑店市', '3', '0');
INSERT INTO `dr_region` VALUES ('1109', '139', '满城县', '3', '0');
INSERT INTO `dr_region` VALUES ('1110', '139', '清苑县', '3', '0');
INSERT INTO `dr_region` VALUES ('1111', '139', '涞水县', '3', '0');
INSERT INTO `dr_region` VALUES ('1112', '139', '阜平县', '3', '0');
INSERT INTO `dr_region` VALUES ('1113', '139', '徐水县', '3', '0');
INSERT INTO `dr_region` VALUES ('1114', '139', '定兴县', '3', '0');
INSERT INTO `dr_region` VALUES ('1115', '139', '唐县', '3', '0');
INSERT INTO `dr_region` VALUES ('1116', '139', '高阳县', '3', '0');
INSERT INTO `dr_region` VALUES ('1117', '139', '容城县', '3', '0');
INSERT INTO `dr_region` VALUES ('1118', '139', '涞源县', '3', '0');
INSERT INTO `dr_region` VALUES ('1119', '139', '望都县', '3', '0');
INSERT INTO `dr_region` VALUES ('1120', '139', '安新县', '3', '0');
INSERT INTO `dr_region` VALUES ('1121', '139', '易县', '3', '0');
INSERT INTO `dr_region` VALUES ('1122', '139', '曲阳县', '3', '0');
INSERT INTO `dr_region` VALUES ('1123', '139', '蠡县', '3', '0');
INSERT INTO `dr_region` VALUES ('1124', '139', '顺平县', '3', '0');
INSERT INTO `dr_region` VALUES ('1125', '139', '博野县', '3', '0');
INSERT INTO `dr_region` VALUES ('1126', '139', '雄县', '3', '0');
INSERT INTO `dr_region` VALUES ('1127', '140', '运河区', '3', '0');
INSERT INTO `dr_region` VALUES ('1128', '140', '新华区', '3', '0');
INSERT INTO `dr_region` VALUES ('1129', '140', '泊头市', '3', '0');
INSERT INTO `dr_region` VALUES ('1130', '140', '任丘市', '3', '0');
INSERT INTO `dr_region` VALUES ('1131', '140', '黄骅市', '3', '0');
INSERT INTO `dr_region` VALUES ('1132', '140', '河间市', '3', '0');
INSERT INTO `dr_region` VALUES ('1133', '140', '沧县', '3', '0');
INSERT INTO `dr_region` VALUES ('1134', '140', '青县', '3', '0');
INSERT INTO `dr_region` VALUES ('1135', '140', '东光县', '3', '0');
INSERT INTO `dr_region` VALUES ('1136', '140', '海兴县', '3', '0');
INSERT INTO `dr_region` VALUES ('1137', '140', '盐山县', '3', '0');
INSERT INTO `dr_region` VALUES ('1138', '140', '肃宁县', '3', '0');
INSERT INTO `dr_region` VALUES ('1139', '140', '南皮县', '3', '0');
INSERT INTO `dr_region` VALUES ('1140', '140', '吴桥县', '3', '0');
INSERT INTO `dr_region` VALUES ('1141', '140', '献县', '3', '0');
INSERT INTO `dr_region` VALUES ('1142', '140', '孟村', '3', '0');
INSERT INTO `dr_region` VALUES ('1143', '141', '双桥区', '3', '0');
INSERT INTO `dr_region` VALUES ('1144', '141', '双滦区', '3', '0');
INSERT INTO `dr_region` VALUES ('1145', '141', '鹰手营子矿区', '3', '0');
INSERT INTO `dr_region` VALUES ('1146', '141', '承德县', '3', '0');
INSERT INTO `dr_region` VALUES ('1147', '141', '兴隆县', '3', '0');
INSERT INTO `dr_region` VALUES ('1148', '141', '平泉县', '3', '0');
INSERT INTO `dr_region` VALUES ('1149', '141', '滦平县', '3', '0');
INSERT INTO `dr_region` VALUES ('1150', '141', '隆化县', '3', '0');
INSERT INTO `dr_region` VALUES ('1151', '141', '丰宁', '3', '0');
INSERT INTO `dr_region` VALUES ('1152', '141', '宽城', '3', '0');
INSERT INTO `dr_region` VALUES ('1153', '141', '围场', '3', '0');
INSERT INTO `dr_region` VALUES ('1154', '142', '从台区', '3', '0');
INSERT INTO `dr_region` VALUES ('1155', '142', '复兴区', '3', '0');
INSERT INTO `dr_region` VALUES ('1156', '142', '邯山区', '3', '0');
INSERT INTO `dr_region` VALUES ('1157', '142', '峰峰矿区', '3', '0');
INSERT INTO `dr_region` VALUES ('1158', '142', '武安市', '3', '0');
INSERT INTO `dr_region` VALUES ('1159', '142', '邯郸县', '3', '0');
INSERT INTO `dr_region` VALUES ('1160', '142', '临漳县', '3', '0');
INSERT INTO `dr_region` VALUES ('1161', '142', '成安县', '3', '0');
INSERT INTO `dr_region` VALUES ('1162', '142', '大名县', '3', '0');
INSERT INTO `dr_region` VALUES ('1163', '142', '涉县', '3', '0');
INSERT INTO `dr_region` VALUES ('1164', '142', '磁县', '3', '0');
INSERT INTO `dr_region` VALUES ('1165', '142', '肥乡县', '3', '0');
INSERT INTO `dr_region` VALUES ('1166', '142', '永年县', '3', '0');
INSERT INTO `dr_region` VALUES ('1167', '142', '邱县', '3', '0');
INSERT INTO `dr_region` VALUES ('1168', '142', '鸡泽县', '3', '0');
INSERT INTO `dr_region` VALUES ('1169', '142', '广平县', '3', '0');
INSERT INTO `dr_region` VALUES ('1170', '142', '馆陶县', '3', '0');
INSERT INTO `dr_region` VALUES ('1171', '142', '魏县', '3', '0');
INSERT INTO `dr_region` VALUES ('1172', '142', '曲周县', '3', '0');
INSERT INTO `dr_region` VALUES ('1173', '143', '桃城区', '3', '0');
INSERT INTO `dr_region` VALUES ('1174', '143', '冀州市', '3', '0');
INSERT INTO `dr_region` VALUES ('1175', '143', '深州市', '3', '0');
INSERT INTO `dr_region` VALUES ('1176', '143', '枣强县', '3', '0');
INSERT INTO `dr_region` VALUES ('1177', '143', '武邑县', '3', '0');
INSERT INTO `dr_region` VALUES ('1178', '143', '武强县', '3', '0');
INSERT INTO `dr_region` VALUES ('1179', '143', '饶阳县', '3', '0');
INSERT INTO `dr_region` VALUES ('1180', '143', '安平县', '3', '0');
INSERT INTO `dr_region` VALUES ('1181', '143', '故城县', '3', '0');
INSERT INTO `dr_region` VALUES ('1182', '143', '景县', '3', '0');
INSERT INTO `dr_region` VALUES ('1183', '143', '阜城县', '3', '0');
INSERT INTO `dr_region` VALUES ('1184', '144', '安次区', '3', '0');
INSERT INTO `dr_region` VALUES ('1185', '144', '广阳区', '3', '0');
INSERT INTO `dr_region` VALUES ('1186', '144', '霸州市', '3', '0');
INSERT INTO `dr_region` VALUES ('1187', '144', '三河市', '3', '0');
INSERT INTO `dr_region` VALUES ('1188', '144', '固安县', '3', '0');
INSERT INTO `dr_region` VALUES ('1189', '144', '永清县', '3', '0');
INSERT INTO `dr_region` VALUES ('1190', '144', '香河县', '3', '0');
INSERT INTO `dr_region` VALUES ('1191', '144', '大城县', '3', '0');
INSERT INTO `dr_region` VALUES ('1192', '144', '文安县', '3', '0');
INSERT INTO `dr_region` VALUES ('1193', '144', '大厂', '3', '0');
INSERT INTO `dr_region` VALUES ('1194', '145', '海港区', '3', '0');
INSERT INTO `dr_region` VALUES ('1195', '145', '山海关区', '3', '0');
INSERT INTO `dr_region` VALUES ('1196', '145', '北戴河区', '3', '0');
INSERT INTO `dr_region` VALUES ('1197', '145', '昌黎县', '3', '0');
INSERT INTO `dr_region` VALUES ('1198', '145', '抚宁县', '3', '0');
INSERT INTO `dr_region` VALUES ('1199', '145', '卢龙县', '3', '0');
INSERT INTO `dr_region` VALUES ('1200', '145', '青龙', '3', '0');
INSERT INTO `dr_region` VALUES ('1201', '146', '路北区', '3', '0');
INSERT INTO `dr_region` VALUES ('1202', '146', '路南区', '3', '0');
INSERT INTO `dr_region` VALUES ('1203', '146', '古冶区', '3', '0');
INSERT INTO `dr_region` VALUES ('1204', '146', '开平区', '3', '0');
INSERT INTO `dr_region` VALUES ('1205', '146', '丰南区', '3', '0');
INSERT INTO `dr_region` VALUES ('1206', '146', '丰润区', '3', '0');
INSERT INTO `dr_region` VALUES ('1207', '146', '遵化市', '3', '0');
INSERT INTO `dr_region` VALUES ('1208', '146', '迁安市', '3', '0');
INSERT INTO `dr_region` VALUES ('1209', '146', '滦县', '3', '0');
INSERT INTO `dr_region` VALUES ('1210', '146', '滦南县', '3', '0');
INSERT INTO `dr_region` VALUES ('1211', '146', '乐亭县', '3', '0');
INSERT INTO `dr_region` VALUES ('1212', '146', '迁西县', '3', '0');
INSERT INTO `dr_region` VALUES ('1213', '146', '玉田县', '3', '0');
INSERT INTO `dr_region` VALUES ('1214', '146', '唐海县', '3', '0');
INSERT INTO `dr_region` VALUES ('1215', '147', '桥东区', '3', '0');
INSERT INTO `dr_region` VALUES ('1216', '147', '桥西区', '3', '0');
INSERT INTO `dr_region` VALUES ('1217', '147', '南宫市', '3', '0');
INSERT INTO `dr_region` VALUES ('1218', '147', '沙河市', '3', '0');
INSERT INTO `dr_region` VALUES ('1219', '147', '邢台县', '3', '0');
INSERT INTO `dr_region` VALUES ('1220', '147', '临城县', '3', '0');
INSERT INTO `dr_region` VALUES ('1221', '147', '内丘县', '3', '0');
INSERT INTO `dr_region` VALUES ('1222', '147', '柏乡县', '3', '0');
INSERT INTO `dr_region` VALUES ('1223', '147', '隆尧县', '3', '0');
INSERT INTO `dr_region` VALUES ('1224', '147', '任县', '3', '0');
INSERT INTO `dr_region` VALUES ('1225', '147', '南和县', '3', '0');
INSERT INTO `dr_region` VALUES ('1226', '147', '宁晋县', '3', '0');
INSERT INTO `dr_region` VALUES ('1227', '147', '巨鹿县', '3', '0');
INSERT INTO `dr_region` VALUES ('1228', '147', '新河县', '3', '0');
INSERT INTO `dr_region` VALUES ('1229', '147', '广宗县', '3', '0');
INSERT INTO `dr_region` VALUES ('1230', '147', '平乡县', '3', '0');
INSERT INTO `dr_region` VALUES ('1231', '147', '威县', '3', '0');
INSERT INTO `dr_region` VALUES ('1232', '147', '清河县', '3', '0');
INSERT INTO `dr_region` VALUES ('1233', '147', '临西县', '3', '0');
INSERT INTO `dr_region` VALUES ('1234', '148', '桥西区', '3', '0');
INSERT INTO `dr_region` VALUES ('1235', '148', '桥东区', '3', '0');
INSERT INTO `dr_region` VALUES ('1236', '148', '宣化区', '3', '0');
INSERT INTO `dr_region` VALUES ('1237', '148', '下花园区', '3', '0');
INSERT INTO `dr_region` VALUES ('1238', '148', '宣化县', '3', '0');
INSERT INTO `dr_region` VALUES ('1239', '148', '张北县', '3', '0');
INSERT INTO `dr_region` VALUES ('1240', '148', '康保县', '3', '0');
INSERT INTO `dr_region` VALUES ('1241', '148', '沽源县', '3', '0');
INSERT INTO `dr_region` VALUES ('1242', '148', '尚义县', '3', '0');
INSERT INTO `dr_region` VALUES ('1243', '148', '蔚县', '3', '0');
INSERT INTO `dr_region` VALUES ('1244', '148', '阳原县', '3', '0');
INSERT INTO `dr_region` VALUES ('1245', '148', '怀安县', '3', '0');
INSERT INTO `dr_region` VALUES ('1246', '148', '万全县', '3', '0');
INSERT INTO `dr_region` VALUES ('1247', '148', '怀来县', '3', '0');
INSERT INTO `dr_region` VALUES ('1248', '148', '涿鹿县', '3', '0');
INSERT INTO `dr_region` VALUES ('1249', '148', '赤城县', '3', '0');
INSERT INTO `dr_region` VALUES ('1250', '148', '崇礼县', '3', '0');
INSERT INTO `dr_region` VALUES ('1251', '149', '金水区', '3', '0');
INSERT INTO `dr_region` VALUES ('1252', '149', '邙山区', '3', '0');
INSERT INTO `dr_region` VALUES ('1253', '149', '二七区', '3', '0');
INSERT INTO `dr_region` VALUES ('1254', '149', '管城区', '3', '0');
INSERT INTO `dr_region` VALUES ('1255', '149', '中原区', '3', '0');
INSERT INTO `dr_region` VALUES ('1256', '149', '上街区', '3', '0');
INSERT INTO `dr_region` VALUES ('1257', '149', '惠济区', '3', '0');
INSERT INTO `dr_region` VALUES ('1258', '149', '郑东新区', '3', '0');
INSERT INTO `dr_region` VALUES ('1259', '149', '经济技术开发区', '3', '0');
INSERT INTO `dr_region` VALUES ('1260', '149', '高新开发区', '3', '0');
INSERT INTO `dr_region` VALUES ('1261', '149', '出口加工区', '3', '0');
INSERT INTO `dr_region` VALUES ('1262', '149', '巩义市', '3', '0');
INSERT INTO `dr_region` VALUES ('1263', '149', '荥阳市', '3', '0');
INSERT INTO `dr_region` VALUES ('1264', '149', '新密市', '3', '0');
INSERT INTO `dr_region` VALUES ('1265', '149', '新郑市', '3', '0');
INSERT INTO `dr_region` VALUES ('1266', '149', '登封市', '3', '0');
INSERT INTO `dr_region` VALUES ('1267', '149', '中牟县', '3', '0');
INSERT INTO `dr_region` VALUES ('1268', '150', '西工区', '3', '0');
INSERT INTO `dr_region` VALUES ('1269', '150', '老城区', '3', '0');
INSERT INTO `dr_region` VALUES ('1270', '150', '涧西区', '3', '0');
INSERT INTO `dr_region` VALUES ('1271', '150', '瀍河回族区', '3', '0');
INSERT INTO `dr_region` VALUES ('1272', '150', '洛龙区', '3', '0');
INSERT INTO `dr_region` VALUES ('1273', '150', '吉利区', '3', '0');
INSERT INTO `dr_region` VALUES ('1274', '150', '偃师市', '3', '0');
INSERT INTO `dr_region` VALUES ('1275', '150', '孟津县', '3', '0');
INSERT INTO `dr_region` VALUES ('1276', '150', '新安县', '3', '0');
INSERT INTO `dr_region` VALUES ('1277', '150', '栾川县', '3', '0');
INSERT INTO `dr_region` VALUES ('1278', '150', '嵩县', '3', '0');
INSERT INTO `dr_region` VALUES ('1279', '150', '汝阳县', '3', '0');
INSERT INTO `dr_region` VALUES ('1280', '150', '宜阳县', '3', '0');
INSERT INTO `dr_region` VALUES ('1281', '150', '洛宁县', '3', '0');
INSERT INTO `dr_region` VALUES ('1282', '150', '伊川县', '3', '0');
INSERT INTO `dr_region` VALUES ('1283', '151', '鼓楼区', '3', '0');
INSERT INTO `dr_region` VALUES ('1284', '151', '龙亭区', '3', '0');
INSERT INTO `dr_region` VALUES ('1285', '151', '顺河回族区', '3', '0');
INSERT INTO `dr_region` VALUES ('1286', '151', '金明区', '3', '0');
INSERT INTO `dr_region` VALUES ('1287', '151', '禹王台区', '3', '0');
INSERT INTO `dr_region` VALUES ('1288', '151', '杞县', '3', '0');
INSERT INTO `dr_region` VALUES ('1289', '151', '通许县', '3', '0');
INSERT INTO `dr_region` VALUES ('1290', '151', '尉氏县', '3', '0');
INSERT INTO `dr_region` VALUES ('1291', '151', '开封县', '3', '0');
INSERT INTO `dr_region` VALUES ('1292', '151', '兰考县', '3', '0');
INSERT INTO `dr_region` VALUES ('1293', '152', '北关区', '3', '0');
INSERT INTO `dr_region` VALUES ('1294', '152', '文峰区', '3', '0');
INSERT INTO `dr_region` VALUES ('1295', '152', '殷都区', '3', '0');
INSERT INTO `dr_region` VALUES ('1296', '152', '龙安区', '3', '0');
INSERT INTO `dr_region` VALUES ('1297', '152', '林州市', '3', '0');
INSERT INTO `dr_region` VALUES ('1298', '152', '安阳县', '3', '0');
INSERT INTO `dr_region` VALUES ('1299', '152', '汤阴县', '3', '0');
INSERT INTO `dr_region` VALUES ('1300', '152', '滑县', '3', '0');
INSERT INTO `dr_region` VALUES ('1301', '152', '内黄县', '3', '0');
INSERT INTO `dr_region` VALUES ('1302', '153', '淇滨区', '3', '0');
INSERT INTO `dr_region` VALUES ('1303', '153', '山城区', '3', '0');
INSERT INTO `dr_region` VALUES ('1304', '153', '鹤山区', '3', '0');
INSERT INTO `dr_region` VALUES ('1305', '153', '浚县', '3', '0');
INSERT INTO `dr_region` VALUES ('1306', '153', '淇县', '3', '0');
INSERT INTO `dr_region` VALUES ('1307', '154', '济源市', '3', '0');
INSERT INTO `dr_region` VALUES ('1308', '155', '解放区', '3', '0');
INSERT INTO `dr_region` VALUES ('1309', '155', '中站区', '3', '0');
INSERT INTO `dr_region` VALUES ('1310', '155', '马村区', '3', '0');
INSERT INTO `dr_region` VALUES ('1311', '155', '山阳区', '3', '0');
INSERT INTO `dr_region` VALUES ('1312', '155', '沁阳市', '3', '0');
INSERT INTO `dr_region` VALUES ('1313', '155', '孟州市', '3', '0');
INSERT INTO `dr_region` VALUES ('1314', '155', '修武县', '3', '0');
INSERT INTO `dr_region` VALUES ('1315', '155', '博爱县', '3', '0');
INSERT INTO `dr_region` VALUES ('1316', '155', '武陟县', '3', '0');
INSERT INTO `dr_region` VALUES ('1317', '155', '温县', '3', '0');
INSERT INTO `dr_region` VALUES ('1318', '156', '卧龙区', '3', '0');
INSERT INTO `dr_region` VALUES ('1319', '156', '宛城区', '3', '0');
INSERT INTO `dr_region` VALUES ('1320', '156', '邓州市', '3', '0');
INSERT INTO `dr_region` VALUES ('1321', '156', '南召县', '3', '0');
INSERT INTO `dr_region` VALUES ('1322', '156', '方城县', '3', '0');
INSERT INTO `dr_region` VALUES ('1323', '156', '西峡县', '3', '0');
INSERT INTO `dr_region` VALUES ('1324', '156', '镇平县', '3', '0');
INSERT INTO `dr_region` VALUES ('1325', '156', '内乡县', '3', '0');
INSERT INTO `dr_region` VALUES ('1326', '156', '淅川县', '3', '0');
INSERT INTO `dr_region` VALUES ('1327', '156', '社旗县', '3', '0');
INSERT INTO `dr_region` VALUES ('1328', '156', '唐河县', '3', '0');
INSERT INTO `dr_region` VALUES ('1329', '156', '新野县', '3', '0');
INSERT INTO `dr_region` VALUES ('1330', '156', '桐柏县', '3', '0');
INSERT INTO `dr_region` VALUES ('1331', '157', '新华区', '3', '0');
INSERT INTO `dr_region` VALUES ('1332', '157', '卫东区', '3', '0');
INSERT INTO `dr_region` VALUES ('1333', '157', '湛河区', '3', '0');
INSERT INTO `dr_region` VALUES ('1334', '157', '石龙区', '3', '0');
INSERT INTO `dr_region` VALUES ('1335', '157', '舞钢市', '3', '0');
INSERT INTO `dr_region` VALUES ('1336', '157', '汝州市', '3', '0');
INSERT INTO `dr_region` VALUES ('1337', '157', '宝丰县', '3', '0');
INSERT INTO `dr_region` VALUES ('1338', '157', '叶县', '3', '0');
INSERT INTO `dr_region` VALUES ('1339', '157', '鲁山县', '3', '0');
INSERT INTO `dr_region` VALUES ('1340', '157', '郏县', '3', '0');
INSERT INTO `dr_region` VALUES ('1341', '158', '湖滨区', '3', '0');
INSERT INTO `dr_region` VALUES ('1342', '158', '义马市', '3', '0');
INSERT INTO `dr_region` VALUES ('1343', '158', '灵宝市', '3', '0');
INSERT INTO `dr_region` VALUES ('1344', '158', '渑池县', '3', '0');
INSERT INTO `dr_region` VALUES ('1345', '158', '陕县', '3', '0');
INSERT INTO `dr_region` VALUES ('1346', '158', '卢氏县', '3', '0');
INSERT INTO `dr_region` VALUES ('1347', '159', '梁园区', '3', '0');
INSERT INTO `dr_region` VALUES ('1348', '159', '睢阳区', '3', '0');
INSERT INTO `dr_region` VALUES ('1349', '159', '永城市', '3', '0');
INSERT INTO `dr_region` VALUES ('1350', '159', '民权县', '3', '0');
INSERT INTO `dr_region` VALUES ('1351', '159', '睢县', '3', '0');
INSERT INTO `dr_region` VALUES ('1352', '159', '宁陵县', '3', '0');
INSERT INTO `dr_region` VALUES ('1353', '159', '虞城县', '3', '0');
INSERT INTO `dr_region` VALUES ('1354', '159', '柘城县', '3', '0');
INSERT INTO `dr_region` VALUES ('1355', '159', '夏邑县', '3', '0');
INSERT INTO `dr_region` VALUES ('1356', '160', '卫滨区', '3', '0');
INSERT INTO `dr_region` VALUES ('1357', '160', '红旗区', '3', '0');
INSERT INTO `dr_region` VALUES ('1358', '160', '凤泉区', '3', '0');
INSERT INTO `dr_region` VALUES ('1359', '160', '牧野区', '3', '0');
INSERT INTO `dr_region` VALUES ('1360', '160', '卫辉市', '3', '0');
INSERT INTO `dr_region` VALUES ('1361', '160', '辉县市', '3', '0');
INSERT INTO `dr_region` VALUES ('1362', '160', '新乡县', '3', '0');
INSERT INTO `dr_region` VALUES ('1363', '160', '获嘉县', '3', '0');
INSERT INTO `dr_region` VALUES ('1364', '160', '原阳县', '3', '0');
INSERT INTO `dr_region` VALUES ('1365', '160', '延津县', '3', '0');
INSERT INTO `dr_region` VALUES ('1366', '160', '封丘县', '3', '0');
INSERT INTO `dr_region` VALUES ('1367', '160', '长垣县', '3', '0');
INSERT INTO `dr_region` VALUES ('1368', '161', '浉河区', '3', '0');
INSERT INTO `dr_region` VALUES ('1369', '161', '平桥区', '3', '0');
INSERT INTO `dr_region` VALUES ('1370', '161', '罗山县', '3', '0');
INSERT INTO `dr_region` VALUES ('1371', '161', '光山县', '3', '0');
INSERT INTO `dr_region` VALUES ('1372', '161', '新县', '3', '0');
INSERT INTO `dr_region` VALUES ('1373', '161', '商城县', '3', '0');
INSERT INTO `dr_region` VALUES ('1374', '161', '固始县', '3', '0');
INSERT INTO `dr_region` VALUES ('1375', '161', '潢川县', '3', '0');
INSERT INTO `dr_region` VALUES ('1376', '161', '淮滨县', '3', '0');
INSERT INTO `dr_region` VALUES ('1377', '161', '息县', '3', '0');
INSERT INTO `dr_region` VALUES ('1378', '162', '魏都区', '3', '0');
INSERT INTO `dr_region` VALUES ('1379', '162', '禹州市', '3', '0');
INSERT INTO `dr_region` VALUES ('1380', '162', '长葛市', '3', '0');
INSERT INTO `dr_region` VALUES ('1381', '162', '许昌县', '3', '0');
INSERT INTO `dr_region` VALUES ('1382', '162', '鄢陵县', '3', '0');
INSERT INTO `dr_region` VALUES ('1383', '162', '襄城县', '3', '0');
INSERT INTO `dr_region` VALUES ('1384', '163', '川汇区', '3', '0');
INSERT INTO `dr_region` VALUES ('1385', '163', '项城市', '3', '0');
INSERT INTO `dr_region` VALUES ('1386', '163', '扶沟县', '3', '0');
INSERT INTO `dr_region` VALUES ('1387', '163', '西华县', '3', '0');
INSERT INTO `dr_region` VALUES ('1388', '163', '商水县', '3', '0');
INSERT INTO `dr_region` VALUES ('1389', '163', '沈丘县', '3', '0');
INSERT INTO `dr_region` VALUES ('1390', '163', '郸城县', '3', '0');
INSERT INTO `dr_region` VALUES ('1391', '163', '淮阳县', '3', '0');
INSERT INTO `dr_region` VALUES ('1392', '163', '太康县', '3', '0');
INSERT INTO `dr_region` VALUES ('1393', '163', '鹿邑县', '3', '0');
INSERT INTO `dr_region` VALUES ('1394', '164', '驿城区', '3', '0');
INSERT INTO `dr_region` VALUES ('1395', '164', '西平县', '3', '0');
INSERT INTO `dr_region` VALUES ('1396', '164', '上蔡县', '3', '0');
INSERT INTO `dr_region` VALUES ('1397', '164', '平舆县', '3', '0');
INSERT INTO `dr_region` VALUES ('1398', '164', '正阳县', '3', '0');
INSERT INTO `dr_region` VALUES ('1399', '164', '确山县', '3', '0');
INSERT INTO `dr_region` VALUES ('1400', '164', '泌阳县', '3', '0');
INSERT INTO `dr_region` VALUES ('1401', '164', '汝南县', '3', '0');
INSERT INTO `dr_region` VALUES ('1402', '164', '遂平县', '3', '0');
INSERT INTO `dr_region` VALUES ('1403', '164', '新蔡县', '3', '0');
INSERT INTO `dr_region` VALUES ('1404', '165', '郾城区', '3', '0');
INSERT INTO `dr_region` VALUES ('1405', '165', '源汇区', '3', '0');
INSERT INTO `dr_region` VALUES ('1406', '165', '召陵区', '3', '0');
INSERT INTO `dr_region` VALUES ('1407', '165', '舞阳县', '3', '0');
INSERT INTO `dr_region` VALUES ('1408', '165', '临颍县', '3', '0');
INSERT INTO `dr_region` VALUES ('1409', '166', '华龙区', '3', '0');
INSERT INTO `dr_region` VALUES ('1410', '166', '清丰县', '3', '0');
INSERT INTO `dr_region` VALUES ('1411', '166', '南乐县', '3', '0');
INSERT INTO `dr_region` VALUES ('1412', '166', '范县', '3', '0');
INSERT INTO `dr_region` VALUES ('1413', '166', '台前县', '3', '0');
INSERT INTO `dr_region` VALUES ('1414', '166', '濮阳县', '3', '0');
INSERT INTO `dr_region` VALUES ('1415', '167', '道里区', '3', '0');
INSERT INTO `dr_region` VALUES ('1416', '167', '南岗区', '3', '0');
INSERT INTO `dr_region` VALUES ('1417', '167', '动力区', '3', '0');
INSERT INTO `dr_region` VALUES ('1418', '167', '平房区', '3', '0');
INSERT INTO `dr_region` VALUES ('1419', '167', '香坊区', '3', '0');
INSERT INTO `dr_region` VALUES ('1420', '167', '太平区', '3', '0');
INSERT INTO `dr_region` VALUES ('1421', '167', '道外区', '3', '0');
INSERT INTO `dr_region` VALUES ('1422', '167', '阿城区', '3', '0');
INSERT INTO `dr_region` VALUES ('1423', '167', '呼兰区', '3', '0');
INSERT INTO `dr_region` VALUES ('1424', '167', '松北区', '3', '0');
INSERT INTO `dr_region` VALUES ('1425', '167', '尚志市', '3', '0');
INSERT INTO `dr_region` VALUES ('1426', '167', '双城市', '3', '0');
INSERT INTO `dr_region` VALUES ('1427', '167', '五常市', '3', '0');
INSERT INTO `dr_region` VALUES ('1428', '167', '方正县', '3', '0');
INSERT INTO `dr_region` VALUES ('1429', '167', '宾县', '3', '0');
INSERT INTO `dr_region` VALUES ('1430', '167', '依兰县', '3', '0');
INSERT INTO `dr_region` VALUES ('1431', '167', '巴彦县', '3', '0');
INSERT INTO `dr_region` VALUES ('1432', '167', '通河县', '3', '0');
INSERT INTO `dr_region` VALUES ('1433', '167', '木兰县', '3', '0');
INSERT INTO `dr_region` VALUES ('1434', '167', '延寿县', '3', '0');
INSERT INTO `dr_region` VALUES ('1435', '168', '萨尔图区', '3', '0');
INSERT INTO `dr_region` VALUES ('1436', '168', '红岗区', '3', '0');
INSERT INTO `dr_region` VALUES ('1437', '168', '龙凤区', '3', '0');
INSERT INTO `dr_region` VALUES ('1438', '168', '让胡路区', '3', '0');
INSERT INTO `dr_region` VALUES ('1439', '168', '大同区', '3', '0');
INSERT INTO `dr_region` VALUES ('1440', '168', '肇州县', '3', '0');
INSERT INTO `dr_region` VALUES ('1441', '168', '肇源县', '3', '0');
INSERT INTO `dr_region` VALUES ('1442', '168', '林甸县', '3', '0');
INSERT INTO `dr_region` VALUES ('1443', '168', '杜尔伯特', '3', '0');
INSERT INTO `dr_region` VALUES ('1444', '169', '呼玛县', '3', '0');
INSERT INTO `dr_region` VALUES ('1445', '169', '漠河县', '3', '0');
INSERT INTO `dr_region` VALUES ('1446', '169', '塔河县', '3', '0');
INSERT INTO `dr_region` VALUES ('1447', '170', '兴山区', '3', '0');
INSERT INTO `dr_region` VALUES ('1448', '170', '工农区', '3', '0');
INSERT INTO `dr_region` VALUES ('1449', '170', '南山区', '3', '0');
INSERT INTO `dr_region` VALUES ('1450', '170', '兴安区', '3', '0');
INSERT INTO `dr_region` VALUES ('1451', '170', '向阳区', '3', '0');
INSERT INTO `dr_region` VALUES ('1452', '170', '东山区', '3', '0');
INSERT INTO `dr_region` VALUES ('1453', '170', '萝北县', '3', '0');
INSERT INTO `dr_region` VALUES ('1454', '170', '绥滨县', '3', '0');
INSERT INTO `dr_region` VALUES ('1455', '171', '爱辉区', '3', '0');
INSERT INTO `dr_region` VALUES ('1456', '171', '五大连池市', '3', '0');
INSERT INTO `dr_region` VALUES ('1457', '171', '北安市', '3', '0');
INSERT INTO `dr_region` VALUES ('1458', '171', '嫩江县', '3', '0');
INSERT INTO `dr_region` VALUES ('1459', '171', '逊克县', '3', '0');
INSERT INTO `dr_region` VALUES ('1460', '171', '孙吴县', '3', '0');
INSERT INTO `dr_region` VALUES ('1461', '172', '鸡冠区', '3', '0');
INSERT INTO `dr_region` VALUES ('1462', '172', '恒山区', '3', '0');
INSERT INTO `dr_region` VALUES ('1463', '172', '城子河区', '3', '0');
INSERT INTO `dr_region` VALUES ('1464', '172', '滴道区', '3', '0');
INSERT INTO `dr_region` VALUES ('1465', '172', '梨树区', '3', '0');
INSERT INTO `dr_region` VALUES ('1466', '172', '虎林市', '3', '0');
INSERT INTO `dr_region` VALUES ('1467', '172', '密山市', '3', '0');
INSERT INTO `dr_region` VALUES ('1468', '172', '鸡东县', '3', '0');
INSERT INTO `dr_region` VALUES ('1469', '173', '前进区', '3', '0');
INSERT INTO `dr_region` VALUES ('1470', '173', '郊区', '3', '0');
INSERT INTO `dr_region` VALUES ('1471', '173', '向阳区', '3', '0');
INSERT INTO `dr_region` VALUES ('1472', '173', '东风区', '3', '0');
INSERT INTO `dr_region` VALUES ('1473', '173', '同江市', '3', '0');
INSERT INTO `dr_region` VALUES ('1474', '173', '富锦市', '3', '0');
INSERT INTO `dr_region` VALUES ('1475', '173', '桦南县', '3', '0');
INSERT INTO `dr_region` VALUES ('1476', '173', '桦川县', '3', '0');
INSERT INTO `dr_region` VALUES ('1477', '173', '汤原县', '3', '0');
INSERT INTO `dr_region` VALUES ('1478', '173', '抚远县', '3', '0');
INSERT INTO `dr_region` VALUES ('1479', '174', '爱民区', '3', '0');
INSERT INTO `dr_region` VALUES ('1480', '174', '东安区', '3', '0');
INSERT INTO `dr_region` VALUES ('1481', '174', '阳明区', '3', '0');
INSERT INTO `dr_region` VALUES ('1482', '174', '西安区', '3', '0');
INSERT INTO `dr_region` VALUES ('1483', '174', '绥芬河市', '3', '0');
INSERT INTO `dr_region` VALUES ('1484', '174', '海林市', '3', '0');
INSERT INTO `dr_region` VALUES ('1485', '174', '宁安市', '3', '0');
INSERT INTO `dr_region` VALUES ('1486', '174', '穆棱市', '3', '0');
INSERT INTO `dr_region` VALUES ('1487', '174', '东宁县', '3', '0');
INSERT INTO `dr_region` VALUES ('1488', '174', '林口县', '3', '0');
INSERT INTO `dr_region` VALUES ('1489', '175', '桃山区', '3', '0');
INSERT INTO `dr_region` VALUES ('1490', '175', '新兴区', '3', '0');
INSERT INTO `dr_region` VALUES ('1491', '175', '茄子河区', '3', '0');
INSERT INTO `dr_region` VALUES ('1492', '175', '勃利县', '3', '0');
INSERT INTO `dr_region` VALUES ('1493', '176', '龙沙区', '3', '0');
INSERT INTO `dr_region` VALUES ('1494', '176', '昂昂溪区', '3', '0');
INSERT INTO `dr_region` VALUES ('1495', '176', '铁峰区', '3', '0');
INSERT INTO `dr_region` VALUES ('1496', '176', '建华区', '3', '0');
INSERT INTO `dr_region` VALUES ('1497', '176', '富拉尔基区', '3', '0');
INSERT INTO `dr_region` VALUES ('1498', '176', '碾子山区', '3', '0');
INSERT INTO `dr_region` VALUES ('1499', '176', '梅里斯达斡尔区', '3', '0');
INSERT INTO `dr_region` VALUES ('1500', '176', '讷河市', '3', '0');
INSERT INTO `dr_region` VALUES ('1501', '176', '龙江县', '3', '0');
INSERT INTO `dr_region` VALUES ('1502', '176', '依安县', '3', '0');
INSERT INTO `dr_region` VALUES ('1503', '176', '泰来县', '3', '0');
INSERT INTO `dr_region` VALUES ('1504', '176', '甘南县', '3', '0');
INSERT INTO `dr_region` VALUES ('1505', '176', '富裕县', '3', '0');
INSERT INTO `dr_region` VALUES ('1506', '176', '克山县', '3', '0');
INSERT INTO `dr_region` VALUES ('1507', '176', '克东县', '3', '0');
INSERT INTO `dr_region` VALUES ('1508', '176', '拜泉县', '3', '0');
INSERT INTO `dr_region` VALUES ('1509', '177', '尖山区', '3', '0');
INSERT INTO `dr_region` VALUES ('1510', '177', '岭东区', '3', '0');
INSERT INTO `dr_region` VALUES ('1511', '177', '四方台区', '3', '0');
INSERT INTO `dr_region` VALUES ('1512', '177', '宝山区', '3', '0');
INSERT INTO `dr_region` VALUES ('1513', '177', '集贤县', '3', '0');
INSERT INTO `dr_region` VALUES ('1514', '177', '友谊县', '3', '0');
INSERT INTO `dr_region` VALUES ('1515', '177', '宝清县', '3', '0');
INSERT INTO `dr_region` VALUES ('1516', '177', '饶河县', '3', '0');
INSERT INTO `dr_region` VALUES ('1517', '178', '北林区', '3', '0');
INSERT INTO `dr_region` VALUES ('1518', '178', '安达市', '3', '0');
INSERT INTO `dr_region` VALUES ('1519', '178', '肇东市', '3', '0');
INSERT INTO `dr_region` VALUES ('1520', '178', '海伦市', '3', '0');
INSERT INTO `dr_region` VALUES ('1521', '178', '望奎县', '3', '0');
INSERT INTO `dr_region` VALUES ('1522', '178', '兰西县', '3', '0');
INSERT INTO `dr_region` VALUES ('1523', '178', '青冈县', '3', '0');
INSERT INTO `dr_region` VALUES ('1524', '178', '庆安县', '3', '0');
INSERT INTO `dr_region` VALUES ('1525', '178', '明水县', '3', '0');
INSERT INTO `dr_region` VALUES ('1526', '178', '绥棱县', '3', '0');
INSERT INTO `dr_region` VALUES ('1527', '179', '伊春区', '3', '0');
INSERT INTO `dr_region` VALUES ('1528', '179', '带岭区', '3', '0');
INSERT INTO `dr_region` VALUES ('1529', '179', '南岔区', '3', '0');
INSERT INTO `dr_region` VALUES ('1530', '179', '金山屯区', '3', '0');
INSERT INTO `dr_region` VALUES ('1531', '179', '西林区', '3', '0');
INSERT INTO `dr_region` VALUES ('1532', '179', '美溪区', '3', '0');
INSERT INTO `dr_region` VALUES ('1533', '179', '乌马河区', '3', '0');
INSERT INTO `dr_region` VALUES ('1534', '179', '翠峦区', '3', '0');
INSERT INTO `dr_region` VALUES ('1535', '179', '友好区', '3', '0');
INSERT INTO `dr_region` VALUES ('1536', '179', '上甘岭区', '3', '0');
INSERT INTO `dr_region` VALUES ('1537', '179', '五营区', '3', '0');
INSERT INTO `dr_region` VALUES ('1538', '179', '红星区', '3', '0');
INSERT INTO `dr_region` VALUES ('1539', '179', '新青区', '3', '0');
INSERT INTO `dr_region` VALUES ('1540', '179', '汤旺河区', '3', '0');
INSERT INTO `dr_region` VALUES ('1541', '179', '乌伊岭区', '3', '0');
INSERT INTO `dr_region` VALUES ('1542', '179', '铁力市', '3', '0');
INSERT INTO `dr_region` VALUES ('1543', '179', '嘉荫县', '3', '0');
INSERT INTO `dr_region` VALUES ('1544', '180', '江岸区', '3', '0');
INSERT INTO `dr_region` VALUES ('1545', '180', '武昌区', '3', '0');
INSERT INTO `dr_region` VALUES ('1546', '180', '江汉区', '3', '0');
INSERT INTO `dr_region` VALUES ('1547', '180', '硚口区', '3', '0');
INSERT INTO `dr_region` VALUES ('1548', '180', '汉阳区', '3', '0');
INSERT INTO `dr_region` VALUES ('1549', '180', '青山区', '3', '0');
INSERT INTO `dr_region` VALUES ('1550', '180', '洪山区', '3', '0');
INSERT INTO `dr_region` VALUES ('1551', '180', '东西湖区', '3', '0');
INSERT INTO `dr_region` VALUES ('1552', '180', '汉南区', '3', '0');
INSERT INTO `dr_region` VALUES ('1553', '180', '蔡甸区', '3', '0');
INSERT INTO `dr_region` VALUES ('1554', '180', '江夏区', '3', '0');
INSERT INTO `dr_region` VALUES ('1555', '180', '黄陂区', '3', '0');
INSERT INTO `dr_region` VALUES ('1556', '180', '新洲区', '3', '0');
INSERT INTO `dr_region` VALUES ('1557', '180', '经济开发区', '3', '0');
INSERT INTO `dr_region` VALUES ('1558', '181', '仙桃市', '3', '0');
INSERT INTO `dr_region` VALUES ('1559', '182', '鄂城区', '3', '0');
INSERT INTO `dr_region` VALUES ('1560', '182', '华容区', '3', '0');
INSERT INTO `dr_region` VALUES ('1561', '182', '梁子湖区', '3', '0');
INSERT INTO `dr_region` VALUES ('1562', '183', '黄州区', '3', '0');
INSERT INTO `dr_region` VALUES ('1563', '183', '麻城市', '3', '0');
INSERT INTO `dr_region` VALUES ('1564', '183', '武穴市', '3', '0');
INSERT INTO `dr_region` VALUES ('1565', '183', '团风县', '3', '0');
INSERT INTO `dr_region` VALUES ('1566', '183', '红安县', '3', '0');
INSERT INTO `dr_region` VALUES ('1567', '183', '罗田县', '3', '0');
INSERT INTO `dr_region` VALUES ('1568', '183', '英山县', '3', '0');
INSERT INTO `dr_region` VALUES ('1569', '183', '浠水县', '3', '0');
INSERT INTO `dr_region` VALUES ('1570', '183', '蕲春县', '3', '0');
INSERT INTO `dr_region` VALUES ('1571', '183', '黄梅县', '3', '0');
INSERT INTO `dr_region` VALUES ('1572', '184', '黄石港区', '3', '0');
INSERT INTO `dr_region` VALUES ('1573', '184', '西塞山区', '3', '0');
INSERT INTO `dr_region` VALUES ('1574', '184', '下陆区', '3', '0');
INSERT INTO `dr_region` VALUES ('1575', '184', '铁山区', '3', '0');
INSERT INTO `dr_region` VALUES ('1576', '184', '大冶市', '3', '0');
INSERT INTO `dr_region` VALUES ('1577', '184', '阳新县', '3', '0');
INSERT INTO `dr_region` VALUES ('1578', '185', '东宝区', '3', '0');
INSERT INTO `dr_region` VALUES ('1579', '185', '掇刀区', '3', '0');
INSERT INTO `dr_region` VALUES ('1580', '185', '钟祥市', '3', '0');
INSERT INTO `dr_region` VALUES ('1581', '185', '京山县', '3', '0');
INSERT INTO `dr_region` VALUES ('1582', '185', '沙洋县', '3', '0');
INSERT INTO `dr_region` VALUES ('1583', '186', '沙市区', '3', '0');
INSERT INTO `dr_region` VALUES ('1584', '186', '荆州区', '3', '0');
INSERT INTO `dr_region` VALUES ('1585', '186', '石首市', '3', '0');
INSERT INTO `dr_region` VALUES ('1586', '186', '洪湖市', '3', '0');
INSERT INTO `dr_region` VALUES ('1587', '186', '松滋市', '3', '0');
INSERT INTO `dr_region` VALUES ('1588', '186', '公安县', '3', '0');
INSERT INTO `dr_region` VALUES ('1589', '186', '监利县', '3', '0');
INSERT INTO `dr_region` VALUES ('1590', '186', '江陵县', '3', '0');
INSERT INTO `dr_region` VALUES ('1591', '187', '潜江市', '3', '0');
INSERT INTO `dr_region` VALUES ('1592', '188', '神农架林区', '3', '0');
INSERT INTO `dr_region` VALUES ('1593', '189', '张湾区', '3', '0');
INSERT INTO `dr_region` VALUES ('1594', '189', '茅箭区', '3', '0');
INSERT INTO `dr_region` VALUES ('1595', '189', '丹江口市', '3', '0');
INSERT INTO `dr_region` VALUES ('1596', '189', '郧县', '3', '0');
INSERT INTO `dr_region` VALUES ('1597', '189', '郧西县', '3', '0');
INSERT INTO `dr_region` VALUES ('1598', '189', '竹山县', '3', '0');
INSERT INTO `dr_region` VALUES ('1599', '189', '竹溪县', '3', '0');
INSERT INTO `dr_region` VALUES ('1600', '189', '房县', '3', '0');
INSERT INTO `dr_region` VALUES ('1601', '190', '曾都区', '3', '0');
INSERT INTO `dr_region` VALUES ('1602', '190', '广水市', '3', '0');
INSERT INTO `dr_region` VALUES ('1603', '191', '天门市', '3', '0');
INSERT INTO `dr_region` VALUES ('1604', '192', '咸安区', '3', '0');
INSERT INTO `dr_region` VALUES ('1605', '192', '赤壁市', '3', '0');
INSERT INTO `dr_region` VALUES ('1606', '192', '嘉鱼县', '3', '0');
INSERT INTO `dr_region` VALUES ('1607', '192', '通城县', '3', '0');
INSERT INTO `dr_region` VALUES ('1608', '192', '崇阳县', '3', '0');
INSERT INTO `dr_region` VALUES ('1609', '192', '通山县', '3', '0');
INSERT INTO `dr_region` VALUES ('1610', '193', '襄城区', '3', '0');
INSERT INTO `dr_region` VALUES ('1611', '193', '樊城区', '3', '0');
INSERT INTO `dr_region` VALUES ('1612', '193', '襄阳区', '3', '0');
INSERT INTO `dr_region` VALUES ('1613', '193', '老河口市', '3', '0');
INSERT INTO `dr_region` VALUES ('1614', '193', '枣阳市', '3', '0');
INSERT INTO `dr_region` VALUES ('1615', '193', '宜城市', '3', '0');
INSERT INTO `dr_region` VALUES ('1616', '193', '南漳县', '3', '0');
INSERT INTO `dr_region` VALUES ('1617', '193', '谷城县', '3', '0');
INSERT INTO `dr_region` VALUES ('1618', '193', '保康县', '3', '0');
INSERT INTO `dr_region` VALUES ('1619', '194', '孝南区', '3', '0');
INSERT INTO `dr_region` VALUES ('1620', '194', '应城市', '3', '0');
INSERT INTO `dr_region` VALUES ('1621', '194', '安陆市', '3', '0');
INSERT INTO `dr_region` VALUES ('1622', '194', '汉川市', '3', '0');
INSERT INTO `dr_region` VALUES ('1623', '194', '孝昌县', '3', '0');
INSERT INTO `dr_region` VALUES ('1624', '194', '大悟县', '3', '0');
INSERT INTO `dr_region` VALUES ('1625', '194', '云梦县', '3', '0');
INSERT INTO `dr_region` VALUES ('1626', '195', '长阳', '3', '0');
INSERT INTO `dr_region` VALUES ('1627', '195', '五峰', '3', '0');
INSERT INTO `dr_region` VALUES ('1628', '195', '西陵区', '3', '0');
INSERT INTO `dr_region` VALUES ('1629', '195', '伍家岗区', '3', '0');
INSERT INTO `dr_region` VALUES ('1630', '195', '点军区', '3', '0');
INSERT INTO `dr_region` VALUES ('1631', '195', '猇亭区', '3', '0');
INSERT INTO `dr_region` VALUES ('1632', '195', '夷陵区', '3', '0');
INSERT INTO `dr_region` VALUES ('1633', '195', '宜都市', '3', '0');
INSERT INTO `dr_region` VALUES ('1634', '195', '当阳市', '3', '0');
INSERT INTO `dr_region` VALUES ('1635', '195', '枝江市', '3', '0');
INSERT INTO `dr_region` VALUES ('1636', '195', '远安县', '3', '0');
INSERT INTO `dr_region` VALUES ('1637', '195', '兴山县', '3', '0');
INSERT INTO `dr_region` VALUES ('1638', '195', '秭归县', '3', '0');
INSERT INTO `dr_region` VALUES ('1639', '196', '恩施市', '3', '0');
INSERT INTO `dr_region` VALUES ('1640', '196', '利川市', '3', '0');
INSERT INTO `dr_region` VALUES ('1641', '196', '建始县', '3', '0');
INSERT INTO `dr_region` VALUES ('1642', '196', '巴东县', '3', '0');
INSERT INTO `dr_region` VALUES ('1643', '196', '宣恩县', '3', '0');
INSERT INTO `dr_region` VALUES ('1644', '196', '咸丰县', '3', '0');
INSERT INTO `dr_region` VALUES ('1645', '196', '来凤县', '3', '0');
INSERT INTO `dr_region` VALUES ('1646', '196', '鹤峰县', '3', '0');
INSERT INTO `dr_region` VALUES ('1647', '197', '岳麓区', '3', '0');
INSERT INTO `dr_region` VALUES ('1648', '197', '芙蓉区', '3', '0');
INSERT INTO `dr_region` VALUES ('1649', '197', '天心区', '3', '0');
INSERT INTO `dr_region` VALUES ('1650', '197', '开福区', '3', '0');
INSERT INTO `dr_region` VALUES ('1651', '197', '雨花区', '3', '0');
INSERT INTO `dr_region` VALUES ('1652', '197', '开发区', '3', '0');
INSERT INTO `dr_region` VALUES ('1653', '197', '浏阳市', '3', '0');
INSERT INTO `dr_region` VALUES ('1654', '197', '长沙县', '3', '0');
INSERT INTO `dr_region` VALUES ('1655', '197', '望城县', '3', '0');
INSERT INTO `dr_region` VALUES ('1656', '197', '宁乡县', '3', '0');
INSERT INTO `dr_region` VALUES ('1657', '198', '永定区', '3', '0');
INSERT INTO `dr_region` VALUES ('1658', '198', '武陵源区', '3', '0');
INSERT INTO `dr_region` VALUES ('1659', '198', '慈利县', '3', '0');
INSERT INTO `dr_region` VALUES ('1660', '198', '桑植县', '3', '0');
INSERT INTO `dr_region` VALUES ('1661', '199', '武陵区', '3', '0');
INSERT INTO `dr_region` VALUES ('1662', '199', '鼎城区', '3', '0');
INSERT INTO `dr_region` VALUES ('1663', '199', '津市市', '3', '0');
INSERT INTO `dr_region` VALUES ('1664', '199', '安乡县', '3', '0');
INSERT INTO `dr_region` VALUES ('1665', '199', '汉寿县', '3', '0');
INSERT INTO `dr_region` VALUES ('1666', '199', '澧县', '3', '0');
INSERT INTO `dr_region` VALUES ('1667', '199', '临澧县', '3', '0');
INSERT INTO `dr_region` VALUES ('1668', '199', '桃源县', '3', '0');
INSERT INTO `dr_region` VALUES ('1669', '199', '石门县', '3', '0');
INSERT INTO `dr_region` VALUES ('1670', '200', '北湖区', '3', '0');
INSERT INTO `dr_region` VALUES ('1671', '200', '苏仙区', '3', '0');
INSERT INTO `dr_region` VALUES ('1672', '200', '资兴市', '3', '0');
INSERT INTO `dr_region` VALUES ('1673', '200', '桂阳县', '3', '0');
INSERT INTO `dr_region` VALUES ('1674', '200', '宜章县', '3', '0');
INSERT INTO `dr_region` VALUES ('1675', '200', '永兴县', '3', '0');
INSERT INTO `dr_region` VALUES ('1676', '200', '嘉禾县', '3', '0');
INSERT INTO `dr_region` VALUES ('1677', '200', '临武县', '3', '0');
INSERT INTO `dr_region` VALUES ('1678', '200', '汝城县', '3', '0');
INSERT INTO `dr_region` VALUES ('1679', '200', '桂东县', '3', '0');
INSERT INTO `dr_region` VALUES ('1680', '200', '安仁县', '3', '0');
INSERT INTO `dr_region` VALUES ('1681', '201', '雁峰区', '3', '0');
INSERT INTO `dr_region` VALUES ('1682', '201', '珠晖区', '3', '0');
INSERT INTO `dr_region` VALUES ('1683', '201', '石鼓区', '3', '0');
INSERT INTO `dr_region` VALUES ('1684', '201', '蒸湘区', '3', '0');
INSERT INTO `dr_region` VALUES ('1685', '201', '南岳区', '3', '0');
INSERT INTO `dr_region` VALUES ('1686', '201', '耒阳市', '3', '0');
INSERT INTO `dr_region` VALUES ('1687', '201', '常宁市', '3', '0');
INSERT INTO `dr_region` VALUES ('1688', '201', '衡阳县', '3', '0');
INSERT INTO `dr_region` VALUES ('1689', '201', '衡南县', '3', '0');
INSERT INTO `dr_region` VALUES ('1690', '201', '衡山县', '3', '0');
INSERT INTO `dr_region` VALUES ('1691', '201', '衡东县', '3', '0');
INSERT INTO `dr_region` VALUES ('1692', '201', '祁东县', '3', '0');
INSERT INTO `dr_region` VALUES ('1693', '202', '鹤城区', '3', '0');
INSERT INTO `dr_region` VALUES ('1694', '202', '靖州', '3', '0');
INSERT INTO `dr_region` VALUES ('1695', '202', '麻阳', '3', '0');
INSERT INTO `dr_region` VALUES ('1696', '202', '通道', '3', '0');
INSERT INTO `dr_region` VALUES ('1697', '202', '新晃', '3', '0');
INSERT INTO `dr_region` VALUES ('1698', '202', '芷江', '3', '0');
INSERT INTO `dr_region` VALUES ('1699', '202', '沅陵县', '3', '0');
INSERT INTO `dr_region` VALUES ('1700', '202', '辰溪县', '3', '0');
INSERT INTO `dr_region` VALUES ('1701', '202', '溆浦县', '3', '0');
INSERT INTO `dr_region` VALUES ('1702', '202', '中方县', '3', '0');
INSERT INTO `dr_region` VALUES ('1703', '202', '会同县', '3', '0');
INSERT INTO `dr_region` VALUES ('1704', '202', '洪江市', '3', '0');
INSERT INTO `dr_region` VALUES ('1705', '203', '娄星区', '3', '0');
INSERT INTO `dr_region` VALUES ('1706', '203', '冷水江市', '3', '0');
INSERT INTO `dr_region` VALUES ('1707', '203', '涟源市', '3', '0');
INSERT INTO `dr_region` VALUES ('1708', '203', '双峰县', '3', '0');
INSERT INTO `dr_region` VALUES ('1709', '203', '新化县', '3', '0');
INSERT INTO `dr_region` VALUES ('1710', '204', '城步', '3', '0');
INSERT INTO `dr_region` VALUES ('1711', '204', '双清区', '3', '0');
INSERT INTO `dr_region` VALUES ('1712', '204', '大祥区', '3', '0');
INSERT INTO `dr_region` VALUES ('1713', '204', '北塔区', '3', '0');
INSERT INTO `dr_region` VALUES ('1714', '204', '武冈市', '3', '0');
INSERT INTO `dr_region` VALUES ('1715', '204', '邵东县', '3', '0');
INSERT INTO `dr_region` VALUES ('1716', '204', '新邵县', '3', '0');
INSERT INTO `dr_region` VALUES ('1717', '204', '邵阳县', '3', '0');
INSERT INTO `dr_region` VALUES ('1718', '204', '隆回县', '3', '0');
INSERT INTO `dr_region` VALUES ('1719', '204', '洞口县', '3', '0');
INSERT INTO `dr_region` VALUES ('1720', '204', '绥宁县', '3', '0');
INSERT INTO `dr_region` VALUES ('1721', '204', '新宁县', '3', '0');
INSERT INTO `dr_region` VALUES ('1722', '205', '岳塘区', '3', '0');
INSERT INTO `dr_region` VALUES ('1723', '205', '雨湖区', '3', '0');
INSERT INTO `dr_region` VALUES ('1724', '205', '湘乡市', '3', '0');
INSERT INTO `dr_region` VALUES ('1725', '205', '韶山市', '3', '0');
INSERT INTO `dr_region` VALUES ('1726', '205', '湘潭县', '3', '0');
INSERT INTO `dr_region` VALUES ('1727', '206', '吉首市', '3', '0');
INSERT INTO `dr_region` VALUES ('1728', '206', '泸溪县', '3', '0');
INSERT INTO `dr_region` VALUES ('1729', '206', '凤凰县', '3', '0');
INSERT INTO `dr_region` VALUES ('1730', '206', '花垣县', '3', '0');
INSERT INTO `dr_region` VALUES ('1731', '206', '保靖县', '3', '0');
INSERT INTO `dr_region` VALUES ('1732', '206', '古丈县', '3', '0');
INSERT INTO `dr_region` VALUES ('1733', '206', '永顺县', '3', '0');
INSERT INTO `dr_region` VALUES ('1734', '206', '龙山县', '3', '0');
INSERT INTO `dr_region` VALUES ('1735', '207', '赫山区', '3', '0');
INSERT INTO `dr_region` VALUES ('1736', '207', '资阳区', '3', '0');
INSERT INTO `dr_region` VALUES ('1737', '207', '沅江市', '3', '0');
INSERT INTO `dr_region` VALUES ('1738', '207', '南县', '3', '0');
INSERT INTO `dr_region` VALUES ('1739', '207', '桃江县', '3', '0');
INSERT INTO `dr_region` VALUES ('1740', '207', '安化县', '3', '0');
INSERT INTO `dr_region` VALUES ('1741', '208', '江华', '3', '0');
INSERT INTO `dr_region` VALUES ('1742', '208', '冷水滩区', '3', '0');
INSERT INTO `dr_region` VALUES ('1743', '208', '零陵区', '3', '0');
INSERT INTO `dr_region` VALUES ('1744', '208', '祁阳县', '3', '0');
INSERT INTO `dr_region` VALUES ('1745', '208', '东安县', '3', '0');
INSERT INTO `dr_region` VALUES ('1746', '208', '双牌县', '3', '0');
INSERT INTO `dr_region` VALUES ('1747', '208', '道县', '3', '0');
INSERT INTO `dr_region` VALUES ('1748', '208', '江永县', '3', '0');
INSERT INTO `dr_region` VALUES ('1749', '208', '宁远县', '3', '0');
INSERT INTO `dr_region` VALUES ('1750', '208', '蓝山县', '3', '0');
INSERT INTO `dr_region` VALUES ('1751', '208', '新田县', '3', '0');
INSERT INTO `dr_region` VALUES ('1752', '209', '岳阳楼区', '3', '0');
INSERT INTO `dr_region` VALUES ('1753', '209', '君山区', '3', '0');
INSERT INTO `dr_region` VALUES ('1754', '209', '云溪区', '3', '0');
INSERT INTO `dr_region` VALUES ('1755', '209', '汨罗市', '3', '0');
INSERT INTO `dr_region` VALUES ('1756', '209', '临湘市', '3', '0');
INSERT INTO `dr_region` VALUES ('1757', '209', '岳阳县', '3', '0');
INSERT INTO `dr_region` VALUES ('1758', '209', '华容县', '3', '0');
INSERT INTO `dr_region` VALUES ('1759', '209', '湘阴县', '3', '0');
INSERT INTO `dr_region` VALUES ('1760', '209', '平江县', '3', '0');
INSERT INTO `dr_region` VALUES ('1761', '210', '天元区', '3', '0');
INSERT INTO `dr_region` VALUES ('1762', '210', '荷塘区', '3', '0');
INSERT INTO `dr_region` VALUES ('1763', '210', '芦淞区', '3', '0');
INSERT INTO `dr_region` VALUES ('1764', '210', '石峰区', '3', '0');
INSERT INTO `dr_region` VALUES ('1765', '210', '醴陵市', '3', '0');
INSERT INTO `dr_region` VALUES ('1766', '210', '株洲县', '3', '0');
INSERT INTO `dr_region` VALUES ('1767', '210', '攸县', '3', '0');

-- -----------------------------
-- Table structure for `dr_tags`
-- -----------------------------
DROP TABLE IF EXISTS `dr_tags`;
CREATE TABLE `dr_tags` (
  `id` int(12) NOT NULL AUTO_INCREMENT COMMENT '主键',
  `tags_name` varchar(25) NOT NULL COMMENT '标签名',
  `sort` int(5) DEFAULT '0' COMMENT '排序',
  `status` tinyint(1) NOT NULL DEFAULT '1' COMMENT '状态',
  `addtime` datetime DEFAULT NULL ON UPDATE CURRENT_TIMESTAMP COMMENT '添加时间',
  PRIMARY KEY (`id`)
) ENGINE=InnoDB AUTO_INCREMENT=7 DEFAULT CHARSET=utf8mb4 COMMENT='标签表';

-- -----------------------------
-- Records of `dr_tags`
-- -----------------------------
INSERT INTO `dr_tags` VALUES ('1', 'php', '1', '1', '2018-09-13 16:00:05');
INSERT INTO `dr_tags` VALUES ('2', '面试', '1', '1', '2018-09-13 16:00:16');
INSERT INTO `dr_tags` VALUES ('3', '杂文', '1', '1', '2018-09-14 14:25:25');
INSERT INTO `dr_tags` VALUES ('4', '灵感', '1', '1', '2018-09-14 14:25:31');
INSERT INTO `dr_tags` VALUES ('5', 'git', '1', '1', '2018-09-16 08:16:48');
INSERT INTO `dr_tags` VALUES ('6', 'Linux', '1', '1', '2018-10-24 16:04:14');

-- -----------------------------
-- Table structure for `dr_url`
-- -----------------------------
DROP TABLE IF EXISTS `dr_url`;
CREATE TABLE `dr_url` (
  `id` bigint(20) NOT NULL AUTO_INCREMENT COMMENT '主键',
  `url` varchar(255) NOT NULL COMMENT '跳转地址',
  `name` varchar(20) NOT NULL COMMENT '链接名',
  `type` int(10) NOT NULL COMMENT '所属分类',
  `sort` int(5) DEFAULT NULL COMMENT '排序',
  `jump_num` int(10) DEFAULT '0' COMMENT '跳转次数',
  `addtime` datetime NOT NULL DEFAULT '0000-00-00 00:00:00' ON UPDATE CURRENT_TIMESTAMP COMMENT '添加时间',
  PRIMARY KEY (`id`)
) ENGINE=InnoDB AUTO_INCREMENT=106 DEFAULT CHARSET=utf8mb4 COMMENT='链接表';

-- -----------------------------
-- Records of `dr_url`
-- -----------------------------
INSERT INTO `dr_url` VALUES ('1', 'https://segmentfault.com', 'Segmentfau ', '1', '100', '311', '2019-01-11 08:58:32');
INSERT INTO `dr_url` VALUES ('2', 'https://laravel-china.org/', 'laravel-china', '1', '99', '201', '2019-01-11 13:31:31');
INSERT INTO `dr_url` VALUES ('3', 'https://www.kancloud.cn/manual/thinkphp5_1/353946', ' TP5.1手册', '2', '100', '112', '2019-01-10 15:07:19');
INSERT INTO `dr_url` VALUES ('4', 'http://laravelacademy.org/', 'Laravel学院', '1', '97', '7', '2018-11-21 17:04:22');
INSERT INTO `dr_url` VALUES ('5', 'https://www.v2ex.com/', 'V2ex', '1', '96', '103', '2019-01-11 09:04:15');
INSERT INTO `dr_url` VALUES ('6', 'https://juejin.im/', '掘金  ', '1', '99', '65', '2019-01-10 09:58:55');
INSERT INTO `dr_url` VALUES ('7', 'http://www.thinkphp.cn/', 'TP官网 ', '1', '96', '248', '2019-01-11 09:08:15');
INSERT INTO `dr_url` VALUES ('8', 'https://blog.csdn.net/', ' CSDN', '1', '96', '5', '2018-10-27 16:51:31');
INSERT INTO `dr_url` VALUES ('9', 'https://www.kancloud.cn/manual/thinkphp5/118003', ' TP5.0手册', '2', '233', '6', '2019-01-09 18:08:12');
INSERT INTO `dr_url` VALUES ('10', 'http://www.php.cn/', ' PHP中文网', '1', '95', '4', '2018-11-04 08:49:40');
INSERT INTO `dr_url` VALUES ('11', 'https://wiki.swoole.com/', 'SWOOLE文档', '2', '244', '6', '2018-12-31 08:51:16');
INSERT INTO `dr_url` VALUES ('12', 'https://mp.weixin.qq.com/wiki?t=resource/res_main&id=mp1445241432', ' 微信开发文档', '2', '17', '9', '2019-01-05 12:00:31');
INSERT INTO `dr_url` VALUES ('13', 'http://element-cn.eleme.io/#/zh-CN/component/installation', 'ElementUi', '2', '234', '7', '2018-12-16 12:28:26');
INSERT INTO `dr_url` VALUES ('14', 'http://tool.oschina.net/apidocs', '在线API', '2', '100', '6', '2019-01-09 16:04:53');
INSERT INTO `dr_url` VALUES ('15', 'https://www.iviewui.com/docs/guide/install', 'iviewui', '2', '144', '7', '2019-01-02 08:54:44');
INSERT INTO `dr_url` VALUES ('16', 'https://www.layui.com/', 'Layui', '2', '100', '31', '2018-12-31 12:22:40');
INSERT INTO `dr_url` VALUES ('17', 'http://doc2.workerman.net/', 'GateWay', '2', '155', '4', '2019-01-10 13:33:04');
INSERT INTO `dr_url` VALUES ('18', 'https://mp.weixin.qq.com/debug/wxadoc/dev/', '微信小程序', '2', '134', '48', '2019-01-11 10:38:58');
INSERT INTO `dr_url` VALUES ('19', 'http://www.phpxs.com/code/php/', 'PHP代码片段', '4', '123', '0', '2018-09-06 16:45:06');
INSERT INTO `dr_url` VALUES ('20', 'http://tool.chinaz.com/', '站长工具', '3', '234', '7', '2019-01-02 14:14:45');
INSERT INTO `dr_url` VALUES ('21', 'http://tool.lanrentuku.com/jsformat/', '前端格式化', '3', '35', '3', '2019-01-09 11:58:04');
INSERT INTO `dr_url` VALUES ('22', 'https://smallpdf.com/cn', 'PDF转化', '3', '245', '0', '2018-09-06 16:47:07');
INSERT INTO `dr_url` VALUES ('23', 'http://hemin.cn/jq/', 'JQ手册', '2', '134', '8', '2018-11-07 15:20:56');
INSERT INTO `dr_url` VALUES ('24', 'http://iconfont.cn/home/index', '阿里图标', '3', '2345', '1', '2018-11-17 22:54:34');
INSERT INTO `dr_url` VALUES ('25', 'http://www.flyvp.com/', '艾玛看', '5', '2445', '78', '2019-01-08 19:31:46');
INSERT INTO `dr_url` VALUES ('26', 'http://www.001713.com/', '手心影视', '5', '22', '6', '2018-11-17 16:30:25');
INSERT INTO `dr_url` VALUES ('27', 'http://www.zealer.com/', 'ZEALER', '5', '554', '94', '2019-01-08 07:12:20');
INSERT INTO `dr_url` VALUES ('28', 'https://tool.lu/', '在线工具箱', '3', '222', '1', '2018-09-11 11:01:15');
INSERT INTO `dr_url` VALUES ('29', 'https://freessl.org/', '免费SSL', '3', '333', '1', '2018-09-28 16:09:18');
INSERT INTO `dr_url` VALUES ('30', 'https://v.58hualong.cn/', '小腾视频', '4', '24', '10', '2019-01-04 14:51:27');
INSERT INTO `dr_url` VALUES ('31', 'http://www.dgtle.com/', '数字尾巴', '1', '35', '68', '2019-01-10 07:43:44');
INSERT INTO `dr_url` VALUES ('32', 'https://tinypng.com/', '图片压缩', '3', '', '7', '2019-01-06 22:15:43');
INSERT INTO `dr_url` VALUES ('33', 'https://cli.im/', '二维码生成', '3', '', '4', '2018-10-28 08:11:59');
INSERT INTO `dr_url` VALUES ('34', 'https://github.com/', 'Github', '3', '', '8', '2019-01-08 15:49:09');
INSERT INTO `dr_url` VALUES ('35', 'https://gitee.com', 'Gitee', '3', '', '62', '2019-01-11 09:07:35');
INSERT INTO `dr_url` VALUES ('36', 'https://coding.net/', 'Coding', '3', '', '15', '2018-12-20 14:09:48');
INSERT INTO `dr_url` VALUES ('37', 'https://shouku123.com/zhou', '搜库导航', '3', '', '19', '2019-01-10 13:30:28');
INSERT INTO `dr_url` VALUES ('38', 'https://www.kancloud.cn/explore', '看云', '4', '', '18', '2019-01-08 11:19:56');
INSERT INTO `dr_url` VALUES ('39', 'http://www.runoob.com/', '菜鸟教程', '4', '', '0', '2018-09-06 17:59:17');
INSERT INTO `dr_url` VALUES ('40', 'https://www.imooc.com/', '慕课网', '4', '', '3', '2018-12-30 22:08:59');
INSERT INTO `dr_url` VALUES ('41', 'https://www.bilibili.com/', '哔哩哔哩', '5', '', '81', '2019-01-09 17:59:25');
INSERT INTO `dr_url` VALUES ('42', 'https://neets.cc/', '     Neets追剧', '5', '', '0', '2018-09-06 19:41:52');
INSERT INTO `dr_url` VALUES ('43', 'http://www.laruence.com/', '风雪之隅', '4', '', '0', '2018-09-06 19:42:27');
INSERT INTO `dr_url` VALUES ('44', 'https://www.aliyun.com/', '阿里云', '3', '', '6', '2018-11-06 16:35:17');
INSERT INTO `dr_url` VALUES ('45', 'https://www.codecasts.com/', 'Codecasts', '4', '', '10', '2018-11-26 21:00:14');
INSERT INTO `dr_url` VALUES ('46', 'https://todayqq.gitbooks.io/phper/content/', '面试指南', '4', '', '5', '2018-11-03 13:40:33');
INSERT INTO `dr_url` VALUES ('47', 'https://www.liaoxuefeng.com/', 'Git教程', '4', '', '0', '2018-09-08 09:44:14');
INSERT INTO `dr_url` VALUES ('48', 'https://www.einsition.com/', '我的网络日志', '4', '', '5', '2018-12-30 22:09:47');
INSERT INTO `dr_url` VALUES ('49', 'http://www.html-js.com/', '前端乱炖', '1', '', '1', '2018-11-21 17:04:12');
INSERT INTO `dr_url` VALUES ('50', 'https://www.youtube.com/', 'Youtube', '5', '', '46', '2019-01-02 19:55:29');
INSERT INTO `dr_url` VALUES ('51', 'https://www.kuaidi100.com/', '快递查询', '5', '', '3', '2018-12-07 22:26:46');
INSERT INTO `dr_url` VALUES ('52', 'https://mail.qq.com/', 'QQ邮箱', '5', '', '1', '2018-12-07 17:51:34');
INSERT INTO `dr_url` VALUES ('53', 'https://www.jianshu.com/', '简书', '1', '', '10', '2018-12-30 18:33:46');
INSERT INTO `dr_url` VALUES ('54', 'http://www.jikexueyuan.com/', '极客学院', '4', '', '1', '2018-10-27 16:08:33');
INSERT INTO `dr_url` VALUES ('55', 'https://www.oschina.net/', '开源中国', '1', '', '1', '2018-10-27 16:08:23');
INSERT INTO `dr_url` VALUES ('56', 'https://docs.qq.com/desktop', '腾讯文档', '3', '', '18', '2018-12-23 13:48:50');
INSERT INTO `dr_url` VALUES ('57', 'https://sspai.com/', '少数派', '5', '', '9', '2018-12-11 16:56:55');
INSERT INTO `dr_url` VALUES ('58', 'http://www.speedtest.net/', '网络测速', '3', '', '0', '2018-09-06 20:53:05');
INSERT INTO `dr_url` VALUES ('59', 'http://pianke.me/', '片刻', '1', '', '7', '2018-12-11 09:05:31');
INSERT INTO `dr_url` VALUES ('60', 'https://www.mi.com/', '小米商城', '5', '', '0', '2018-09-06 20:57:15');
INSERT INTO `dr_url` VALUES ('61', 'https://www.ipip.net/ip.html', 'IP查询', '3', '', '0', '2018-09-07 12:52:45');
INSERT INTO `dr_url` VALUES ('62', 'https://www.zybuluo.com/mdeditor', 'CmdMarkdown', '3', '', '3', '2018-12-09 09:01:49');
INSERT INTO `dr_url` VALUES ('63', 'https://www.douban.com/', '豆瓣', '1', '', '0', '2018-09-07 12:54:55');
INSERT INTO `dr_url` VALUES ('64', 'https://weibo.com/', '微博', '1', '', '0', '2018-09-07 12:55:21');
INSERT INTO `dr_url` VALUES ('65', 'https://tieba.baidu.com/', '百度贴吧', '1', '', '0', '2018-09-07 12:55:51');
INSERT INTO `dr_url` VALUES ('66', 'https://www.zhihu.com', '知乎', '1', '', '0', '2018-09-07 12:56:20');
INSERT INTO `dr_url` VALUES ('67', 'https://translate.google.cn/', 'Google 翻译', '3', '', '13', '2019-01-02 10:19:59');
INSERT INTO `dr_url` VALUES ('68', 'https://fanyi.baidu.com/', '百度翻译', '3', '', '57', '2019-01-10 16:55:52');
INSERT INTO `dr_url` VALUES ('69', 'https://www.kancloud.cn/manual/thinkphp/1678', 'TP3.2.3手册', '2', '', '0', '2018-09-07 13:30:10');
INSERT INTO `dr_url` VALUES ('70', 'https://laravel-china.org/docs/laravel/5.6', 'Laravel 5.6文档', '2', '', '0', '2018-09-07 13:31:11');
INSERT INTO `dr_url` VALUES ('71', 'https://yarn.bootcss.com/docs/', 'Yarn文档', '2', '', '1', '2018-10-25 11:49:28');
INSERT INTO `dr_url` VALUES ('72', 'https://www.webpackjs.com/', 'webpack文档', '2', '', '1', '2018-11-02 09:35:32');
INSERT INTO `dr_url` VALUES ('73', 'http://www.id97.com/', '97电影网', '5', '', '9', '2018-12-22 09:38:50');
INSERT INTO `dr_url` VALUES ('74', 'http://unbug.github.io/codelf/', 'CODELF', '3', '', '0', '2018-09-07 14:26:38');
INSERT INTO `dr_url` VALUES ('75', 'https://cn.office-converter.com/', '在线转换', '3', '', '0', '2018-09-08 09:06:03');
INSERT INTO `dr_url` VALUES ('76', 'https://www.cilimao.me/', '磁力猫', '5', '', '1', '2018-10-27 16:37:09');
INSERT INTO `dr_url` VALUES ('77', 'https://spcloud.southeastasia.cloudapp.azure.com/', '速云', '3', '', '32', '2019-01-09 16:07:36');
INSERT INTO `dr_url` VALUES ('78', 'https://www.qiniu.com/', '七牛云', '3', '', '7', '2018-12-19 16:15:20');
INSERT INTO `dr_url` VALUES ('79', 'http://tool.oschina.net/', '在线工具', '3', '', '0', '2018-09-11 11:01:44');
INSERT INTO `dr_url` VALUES ('80', 'https://zuihaodeyuyan.com/', '最好的语言', '5', '', '9', '2018-12-30 21:05:03');
INSERT INTO `dr_url` VALUES ('81', 'https://github.com/colinlet/PHP-Interview-QA', 'PHP面试问答', '5', '', '8', '2019-01-02 14:28:37');
INSERT INTO `dr_url` VALUES ('82', 'http://stackoverflow.com/', 'StackOverflow', '1', '', '1', '2018-09-15 19:44:18');
INSERT INTO `dr_url` VALUES ('83', 'https://cloud.tencent.com/', '腾讯云 ', '3', '', '4', '2018-12-28 08:59:06');
INSERT INTO `dr_url` VALUES ('84', 'https://blog.lab99.org/post/docker-2016-07-14-faq.html', ' Docker 问答录', '4', '', '3', '2018-09-26 20:59:29');
INSERT INTO `dr_url` VALUES ('85', 'http://bbs.pcbeta.com/', '远景论坛', '1', '', '7', '2018-10-28 09:05:44');
INSERT INTO `dr_url` VALUES ('86', 'https://dev.tencent.com/', '腾讯开发者 ', '3', '2', '18', '2019-01-08 11:06:11');
INSERT INTO `dr_url` VALUES ('88', 'http://www.geekpark.net/', '极客公园', '1', '', '0', '2018-10-20 23:16:13');
INSERT INTO `dr_url` VALUES ('89', 'https://godbmw.com/', '董沅鑫博客', '4', '', '6', '2018-12-30 22:09:34');
INSERT INTO `dr_url` VALUES ('90', 'http://www.liaoxiansheng.cn/', '飞龙电影', '5', '', '14', '2018-12-30 13:53:49');
INSERT INTO `dr_url` VALUES ('91', 'http://www.76mao.com/', '天龙高清影院', '5', '', '9', '2018-12-22 13:50:23');
INSERT INTO `dr_url` VALUES ('92', 'https://www.eolinker.com', 'eoLinker', '3', '', '30', '2019-01-11 10:01:17');
INSERT INTO `dr_url` VALUES ('93', 'https://baijunyao.com/', '白俊遥博客', '4', '', '2', '2018-12-30 22:09:37');
INSERT INTO `dr_url` VALUES ('94', 'https://cn.vuejs.org/', 'Vue文档', '2', '', '0', '2018-11-23 15:31:27');
INSERT INTO `dr_url` VALUES ('95', 'https://yangweijie.github.io/thinkphp-lts/index_tp5_1.html', 'TP5.1速查表', '2', '', '0', '2018-11-26 11:28:04');
INSERT INTO `dr_url` VALUES ('96', 'http://www.9yuntu.cn/', '九云图', '3', '', '1', '2018-12-08 15:40:51');
INSERT INTO `dr_url` VALUES ('97', 'http://www.vodxc.com', '星辰影院', '5', '', '3', '2018-12-04 21:13:20');
INSERT INTO `dr_url` VALUES ('98', 'https://lanhuapp.com/', '蓝湖', '3', '', '6', '2019-01-08 15:54:29');
INSERT INTO `dr_url` VALUES ('99', 'https://modao.cc/', '墨刀', '3', '', '4', '2018-12-10 16:25:11');
INSERT INTO `dr_url` VALUES ('100', 'https://www.ithome.com/', 'IT之家', '1', '', '0', '2018-12-07 22:28:43');
INSERT INTO `dr_url` VALUES ('101', 'https://www.easywechat.com/', 'EasyWeChat', '2', '', '1', '2018-12-08 09:36:50');
INSERT INTO `dr_url` VALUES ('102', 'https://yike.io/', '一刻', '1', '', '0', '2018-12-08 09:37:57');
INSERT INTO `dr_url` VALUES ('103', 'https://www.querylist.cc/', 'QueryList', '2', '', '0', '2018-12-08 13:37:59');
INSERT INTO `dr_url` VALUES ('104', 'http://pandownload.com/index.html', 'PanDownload', '3', '', '0', '2018-12-24 09:56:11');
INSERT INTO `dr_url` VALUES ('105', 'https://unbug.github.io/codelf/', 'CODELF', '3', '', '0', '2018-12-25 10:07:21');

-- -----------------------------
-- Table structure for `dr_url_type`
-- -----------------------------
DROP TABLE IF EXISTS `dr_url_type`;
CREATE TABLE `dr_url_type` (
  `id` bigint(20) NOT NULL AUTO_INCREMENT COMMENT '主键',
  `name` varchar(25) NOT NULL COMMENT '分类名',
  `pid` int(20) DEFAULT '0' COMMENT '上级id',
  `sort` int(5) DEFAULT '0' COMMENT '排序',
  `addtime` datetime NOT NULL DEFAULT '0000-00-00 00:00:00' ON UPDATE CURRENT_TIMESTAMP COMMENT '添加时间',
  PRIMARY KEY (`id`)
) ENGINE=InnoDB AUTO_INCREMENT=6 DEFAULT CHARSET=utf8mb4 COMMENT='链接分类表';

-- -----------------------------
-- Records of `dr_url_type`
-- -----------------------------
INSERT INTO `dr_url_type` VALUES ('1', '社区', '0', '100', '2018-09-06 13:54:12');
INSERT INTO `dr_url_type` VALUES ('2', '文档', '0', '99', '2018-11-23 21:03:11');
INSERT INTO `dr_url_type` VALUES ('3', '工具', '0', '33', '2018-09-06 14:25:58');
INSERT INTO `dr_url_type` VALUES ('4', '学习', '0', '31', '2018-09-06 17:25:40');
INSERT INTO `dr_url_type` VALUES ('5', '其他', '0', '24', '2018-09-06 14:00:39');
